"Tabela 1613 - Área destinada à colheita, área colhida, quantidade produzida, rendimento médio e valor da produção das lavouras permanentes"
"Variável - Área destinada à colheita - percentual do total geral"
"Brasil, Grande Região e Unidade da Federação";"Ano x Produto das lavouras permanentes"
"Brasil, Grande Região e Unidade da Federação";"1974";"1975";"1976";"1977";"1978";"1979";"1980";"1981";"1982";"1983";"1984";"1985";"1986";"1987";"1988";"1989";"1990";"1991";"1992";"1993";"1994";"1995";"1996";"1997";"1998";"1999";"2000";"2001";"2002";"2003";"2004";"2005";"2006";"2007";"2008";"2009";"2010";"2011";"2012";"2013";"2014";"2015";"2016";"2017";"2018";"2019";"2020";"2021";"2022"
"Brasil, Grande Região e Unidade da Federação";"Laranja";"Laranja";"Laranja";"Laranja";"Laranja";"Laranja";"Laranja";"Laranja";"Laranja";"Laranja";"Laranja";"Laranja";"Laranja";"Laranja";"Laranja";"Laranja";"Laranja";"Laranja";"Laranja";"Laranja";"Laranja";"Laranja";"Laranja";"Laranja";"Laranja";"Laranja";"Laranja";"Laranja";"Laranja";"Laranja";"Laranja";"Laranja";"Laranja";"Laranja";"Laranja";"Laranja";"Laranja";"Laranja";"Laranja";"Laranja";"Laranja";"Laranja";"Laranja";"Laranja";"Laranja";"Laranja";"Laranja";"Laranja";"Laranja"
"Brasil";"...";"...";"...";"...";"...";"...";"...";"...";"...";"...";"...";"...";"...";"...";"11,33";"12,19";"12,74";"14,08";"14,56";"12,82";"14,86";"14,63";"17,24";"16,84";"16,89";"16,50";"13,73";"13,17";"13,00";"13,18";"12,93";"12,69";"12,52";"12,73";"12,89";"12,76";"13,48";"12,96";"12,32";"11,93";"11,82";"11,52";"10,98";"11,96";"11,21";"11,16";"10,58";"10,78";"10,46"
"Norte";"...";"...";"...";"...";"...";"...";"...";"...";"...";"...";"...";"...";"...";"...";"1,89";"1,67";"1,92";"2,30";"3,67";"3,36";"4,00";"4,26";"4,97";"5,00";"4,71";"4,04";"3,55";"3,29";"3,33";"3,07";"3,46";"3,44";"3,46";"3,38";"3,40";"3,61";"3,39";"3,53";"3,79";"4,19";"4,08";"3,21";"3,07";"3,46";"2,80";"2,70";"2,57";"2,43";"2,44"
"Nordeste";"...";"...";"...";"...";"...";"...";"...";"...";"...";"...";"...";"...";"...";"...";"2,12";"2,61";"2,75";"3,04";"3,13";"3,47";"3,89";"4,09";"5,20";"4,84";"5,26";"4,97";"4,80";"4,71";"4,74";"4,80";"4,82";"4,76";"4,85";"4,62";"4,89";"4,65";"5,00";"5,06";"5,27";"5,32";"5,33";"5,87";"5,20";"5,89";"5,98";"5,88";"5,65";"5,59";"5,61"
"Sudeste";"...";"...";"...";"...";"...";"...";"...";"...";"...";"...";"...";"...";"...";"...";"22,67";"23,85";"24,99";"27,03";"28,07";"24,05";"27,41";"26,72";"29,60";"29,19";"28,83";"28,50";"23,83";"22,39";"22,02";"22,40";"21,95";"21,79";"21,59";"22,29";"22,76";"22,65";"23,39";"22,21";"20,51";"19,25";"18,90";"18,47";"17,83";"18,91";"17,08";"17,24";"16,25";"16,77";"16,06"
"Sul";"...";"...";"...";"...";"...";"...";"...";"...";"...";"...";"...";"...";"...";"...";"4,00";"4,45";"5,09";"5,48";"6,99";"8,24";"9,57";"12,33";"11,06";"12,47";"12,52";"12,34";"11,69";"12,95";"10,98";"10,76";"11,20";"11,01";"11,32";"12,02";"11,92";"12,51";"12,98";"14,26";"13,94";"14,47";"14,90";"14,15";"13,85";"13,66";"13,00";"12,64";"12,12";"12,24";"12,24"
"Centro-Oeste";"...";"...";"...";"...";"...";"...";"...";"...";"...";"...";"...";"...";"...";"...";"3,04";"2,90";"2,76";"4,71";"6,36";"7,42";"7,75";"9,84";"8,41";"6,64";"7,45";"6,94";"6,71";"6,56";"7,61";"6,55";"5,86";"5,85";"7,79";"7,62";"5,95";"5,82";"8,12";"7,62";"8,42";"8,32";"7,50";"8,48";"8,46";"8,50";"8,58";"8,44";"9,28";"9,29";"9,24"
"Rondônia";"...";"...";"...";"...";"...";"...";"...";"...";"...";"...";"...";"...";"...";"...";"0,69";"0,61";"0,59";"0,58";"0,64";"0,58";"0,58";"0,77";"0,81";"0,76";"0,65";"0,37";"0,36";"0,33";"0,26";"0,25";"0,27";"0,31";"0,42";"0,40";"0,40";"0,41";"0,29";"0,25";"0,33";"0,41";"0,56";"0,65";"0,57";"0,65";"0,53";"0,64";"0,56";"0,50";"0,50"
"Acre";"...";"...";"...";"...";"...";"...";"...";"...";"...";"...";"...";"...";"...";"...";"1,76";"1,81";"1,65";"1,27";"1,31";"1,44";"1,97";"1,38";"6,56";"7,10";"6,83";"5,79";"5,16";"5,21";"3,65";"3,60";"3,64";"3,59";"3,00";"1,51";"1,95";"3,13";"2,74";"2,97";"2,74";"2,94";"4,27";"4,39";"4,54";"4,34";"4,11";"4,05";"4,10";"4,27";"4,18"
"Amazonas";"...";"...";"...";"...";"...";"...";"...";"...";"...";"...";"...";"...";"...";"...";"7,68";"8,39";"7,40";"11,48";"12,89";"11,93";"13,78";"13,79";"4,83";"4,54";"4,69";"4,64";"5,05";"5,82";"5,44";"4,94";"5,11";"6,33";"6,33";"7,26";"7,93";"7,60";"6,94";"8,31";"9,87";"9,70";"12,91";"14,73";"14,88";"11,06";"10,37";"10,98";"4,37";"5,44";"5,42"
"Roraima";"...";"...";"...";"...";"...";"...";"...";"...";"...";"...";"...";"...";"...";"...";"9,57";"9,46";"16,04";"19,36";"19,25";"...";"17,98";"19,35";"12,62";"19,35";"12,56";"8,80";"7,98";"6,65";"6,55";"5,30";"4,35";"4,35";"4,01";"4,01";"3,99";"3,99";"4,11";"3,98";"3,47";"11,03";"11,13";"12,31";"10,76";"10,78";"14,00";"12,47";"12,29";"15,76";"12,67"
"Pará";"...";"...";"...";"...";"...";"...";"...";"...";"...";"...";"...";"...";"...";"...";"2,59";"2,21";"2,93";"3,43";"5,83";"5,78";"6,55";"6,90";"7,31";"7,71";"7,14";"7,13";"6,53";"5,70";"5,61";"5,09";"5,69";"5,43";"5,11";"5,00";"4,84";"4,99";"4,75";"4,72";"4,54";"4,54";"3,97";"2,63";"2,69";"3,27";"2,50";"2,42";"2,54";"2,26";"2,29"
"Amapá";"...";"...";"...";"...";"...";"...";"...";"...";"...";"...";"...";"...";"...";"...";"1,98";"1,65";"1,56";"1,70";"1,77";"2,27";"33,15";"34,04";"6,39";"7,59";"7,72";"35,70";"35,63";"35,11";"49,50";"50,63";"48,42";"48,40";"50,10";"45,82";"44,07";"43,02";"42,68";"42,83";"42,52";"40,76";"37,75";"32,23";"31,21";"29,53";"28,80";"25,26";"24,23";"24,34";"22,29"
"Tocantins";"...";"...";"...";"...";"...";"...";"...";"...";"...";"...";"...";"...";"...";"...";"...";"0,77";"0,59";"1,48";"1,49";"1,15";"1,46";"1,28";"4,50";"2,83";"3,72";"3,28";"3,80";"3,45";"2,52";"2,74";"2,71";"2,58";"2,68";"2,58";"2,22";"2,42";"3,43";"2,47";"2,19";"3,02";"2,88";"3,06";"2,77";"0,86";"0,37";"0,47";"0,92";"1,00";"1,01"
"Maranhão";"...";"...";"...";"...";"...";"...";"...";"...";"...";"...";"...";"...";"...";"...";"6,57";"8,04";"8,63";"7,85";"7,04";"6,76";"6,18";"5,42";"4,88";"5,79";"5,73";"5,58";"4,63";"4,65";"4,47";"4,31";"4,11";"3,96";"3,58";"3,52";"3,19";"3,21";"3,17";"2,96";"3,03";"3,05";"3,15";"3,36";"2,85";"2,21";"2,10";"0,98";"0,57";"0,37";"0,46"
"Piauí";"...";"...";"...";"...";"...";"...";"...";"...";"...";"...";"...";"...";"...";"...";"0,49";"0,43";"0,45";"0,52";"0,55";"0,53";"0,44";"0,51";"0,70";"0,61";"0,60";"0,54";"0,53";"0,47";"0,44";"0,40";"0,35";"0,31";"0,31";"0,27";"0,24";"0,22";"0,23";"0,24";"0,22";"0,26";"0,38";"0,34";"0,35";"0,27";"0,26";"0,23";"0,23";"0,23";"0,24"
"Ceará";"...";"...";"...";"...";"...";"...";"...";"...";"...";"...";"...";"...";"...";"...";"0,24";"0,26";"0,27";"0,29";"0,26";"0,25";"0,24";"0,26";"0,41";"0,41";"0,37";"0,39";"0,34";"0,35";"0,34";"0,34";"0,35";"0,35";"0,36";"0,36";"0,36";"0,34";"0,34";"0,35";"0,36";"0,37";"0,37";"0,32";"0,32";"0,38";"0,32";"0,31";"0,30";"0,30";"0,26"
"Rio Grande do Norte";"...";"...";"...";"...";"...";"...";"...";"...";"...";"...";"...";"...";"...";"...";"0,17";"0,17";"0,21";"0,27";"0,27";"0,29";"0,29";"0,31";"0,28";"0,26";"0,27";"0,29";"0,29";"0,26";"0,22";"0,23";"0,24";"0,26";"0,21";"0,19";"0,18";"0,15";"0,14";"0,12";"0,13";"0,12";"0,12";"0,16";"0,13";"0,11";"0,12";"0,10";"0,13";"0,12";"0,11"
"Paraíba";"...";"...";"...";"...";"...";"...";"...";"...";"...";"...";"...";"...";"...";"...";"0,74";"0,80";"0,86";"0,95";"0,99";"1,68";"1,17";"1,12";"2,41";"2,04";"1,41";"1,65";"1,73";"1,61";"1,40";"1,38";"1,28";"1,31";"1,41";"1,44";"1,47";"1,78";"1,80";"2,16";"2,08";"2,03";"1,98";"2,10";"2,06";"1,84";"2,15";"2,20";"2,28";"2,27";"2,43"
"Pernambuco";"...";"...";"...";"...";"...";"...";"...";"...";"...";"...";"...";"...";"...";"...";"2,07";"1,97";"2,13";"2,34";"2,40";"2,69";"2,51";"2,48";"2,35";"1,94";"1,99";"1,78";"1,86";"1,52";"1,22";"1,06";"1,00";"0,81";"0,77";"0,75";"0,66";"0,63";"0,71";"0,79";"0,90";"0,93";"0,91";"0,76";"0,74";"0,77";"0,63";"0,66";"0,61";"0,64";"0,78"
"Alagoas";"...";"...";"...";"...";"...";"...";"...";"...";"...";"...";"...";"...";"...";"...";"2,15";"2,52";"2,35";"2,63";"2,59";"2,67";"4,00";"4,07";"4,77";"5,58";"14,05";"14,61";"14,57";"15,96";"16,55";"15,49";"16,00";"16,87";"16,35";"16,50";"17,78";"18,36";"18,09";"17,84";"27,03";"17,88";"17,54";"17,96";"19,54";"21,96";"25,55";"25,60";"24,42";"23,24";"24,16"
"Sergipe";"...";"...";"...";"...";"...";"...";"...";"...";"...";"...";"...";"...";"...";"...";"33,26";"34,32";"37,58";"38,21";"37,79";"39,18";"39,96";"39,78";"47,41";"40,81";"47,70";"47,92";"47,57";"46,71";"48,39";"49,37";"51,43";"51,44";"52,37";"50,96";"49,74";"49,52";"50,23";"52,63";"52,70";"53,68";"52,50";"50,86";"53,55";"52,78";"50,99";"52,00";"52,53";"52,82";"53,93"
"Bahia";"...";"...";"...";"...";"...";"...";"...";"...";"...";"...";"...";"...";"...";"...";"1,58";"2,58";"2,60";"2,92";"2,97";"3,21";"3,97";"4,12";"4,55";"4,56";"4,73";"4,12";"3,88";"3,90";"4,02";"4,12";"3,95";"3,90";"3,71";"3,78";"4,47";"4,09";"4,58";"4,58";"4,81";"4,71";"4,73";"5,75";"4,44";"5,29";"5,78";"5,63";"5,42";"5,39";"5,38"
"Minas Gerais";"...";"...";"...";"...";"...";"...";"...";"...";"...";"...";"...";"...";"...";"...";"3,25";"3,15";"3,14";"3,24";"3,55";"3,85";"4,17";"5,52";"5,49";"5,28";"4,30";"4,09";"3,67";"3,74";"3,64";"3,49";"3,12";"2,93";"2,78";"2,78";"2,66";"2,74";"2,91";"2,89";"3,18";"3,40";"3,78";"3,90";"3,56";"3,78";"3,19";"3,26";"3,21";"3,39";"3,33"
"Espírito Santo";"...";"...";"...";"...";"...";"...";"...";"...";"...";"...";"...";"...";"...";"...";"0,40";"0,36";"0,35";"0,35";"0,43";"0,46";"0,47";"0,50";"0,48";"0,45";"0,50";"0,46";"0,44";"0,45";"0,44";"0,40";"0,39";"0,35";"0,33";"0,33";"0,31";"0,29";"0,28";"0,29";"0,23";"0,23";"0,24";"0,23";"0,24";"0,27";"0,28";"0,28";"0,30";"0,32";"0,36"
"Rio de Janeiro";"...";"...";"...";"...";"...";"...";"...";"...";"...";"...";"...";"...";"...";"...";"37,60";"36,58";"36,11";"32,56";"33,72";"35,02";"35,60";"22,41";"23,02";"21,71";"19,43";"19,63";"19,31";"14,36";"12,87";"12,13";"9,57";"9,45";"9,49";"8,51";"8,57";"8,82";"9,09";"8,71";"8,67";"8,62";"11,08";"12,57";"8,40";"11,98";"13,14";"15,10";"14,89";"15,65";"15,26"
"Guanabara";"...";"...";"...";"...";"...";"...";"...";"...";"...";"...";"...";"...";"...";"...";"...";"...";"...";"...";"...";"...";"...";"...";"...";"...";"...";"...";"...";"...";"...";"...";"...";"...";"...";"...";"...";"...";"...";"...";"...";"...";"...";"...";"...";"...";"...";"...";"...";"...";"..."
"São Paulo";"...";"...";"...";"...";"...";"...";"...";"...";"...";"...";"...";"...";"...";"...";"43,20";"46,59";"50,20";"54,71";"57,29";"52,45";"60,28";"60,61";"63,73";"63,74";"63,46";"62,99";"59,39";"58,20";"57,25";"57,71";"58,23";"57,50";"58,10";"59,44";"60,79";"60,79";"59,31";"57,84";"55,78";"53,64";"51,91";"51,08";"50,26";"50,39";"47,17";"46,80";"45,63";"45,71";"44,69"
"Paraná";"...";"...";"...";"...";"...";"...";"...";"...";"...";"...";"...";"...";"...";"...";"0,78";"0,79";"0,94";"1,07";"1,77";"2,18";"3,26";"6,35";"5,39";"5,89";"5,98";"6,39";"6,20";"8,51";"6,94";"6,50";"6,67";"7,40";"7,91";"9,93";"10,48";"11,15";"12,08";"15,64";"15,83";"17,78";"21,34";"19,15";"18,52";"18,15";"18,80";"17,67";"16,50";"17,10";"17,53"
"Santa Catarina";"...";"...";"...";"...";"...";"...";"...";"...";"...";"...";"...";"...";"...";"...";"4,44";"4,13";"5,27";"6,20";"6,75";"7,48";"8,86";"11,96";"14,01";"15,71";"16,84";"16,81";"16,71";"14,53";"12,40";"12,31";"11,33";"10,19";"10,06";"9,99";"9,45";"9,33";"7,92";"7,19";"5,52";"5,26";"4,50";"4,22";"4,10";"3,76";"2,17";"1,98";"2,34";"2,35";"2,29"
"Rio Grande do Sul";"...";"...";"...";"...";"...";"...";"...";"...";"...";"...";"...";"...";"...";"...";"17,28";"19,14";"19,37";"18,77";"18,81";"18,56";"19,30";"17,96";"17,00";"18,39";"18,56";"17,84";"16,89";"16,58";"15,62";"15,75";"17,22";"15,60";"15,60";"15,19";"14,57";"15,27";"16,11";"15,87";"15,56";"15,24";"14,81";"14,76";"14,54";"14,48";"13,91";"13,93";"13,44";"13,32";"13,03"
"Mato Grosso do Sul";"...";"...";"...";"...";"...";"...";"...";"...";"...";"...";"...";"...";"...";"...";"7,59";"8,00";"7,58";"10,82";"12,37";"10,78";"10,68";"13,46";"7,71";"9,44";"6,26";"6,75";"8,55";"8,85";"7,17";"5,94";"4,68";"4,17";"5,57";"5,63";"4,12";"4,79";"10,22";"9,74";"9,49";"13,32";"13,02";"12,77";"12,95";"9,85";"11,02";"9,62";"10,30";"7,76";"10,01"
"Mato Grosso";"...";"...";"...";"...";"...";"...";"...";"...";"...";"...";"...";"...";"...";"...";"0,84";"0,90";"0,60";"0,83";"1,46";"1,68";"1,98";"2,20";"1,75";"1,09";"1,56";"1,34";"1,40";"1,42";"0,89";"1,33";"0,89";"0,64";"0,89";"0,93";"0,64";"0,64";"0,91";"0,69";"0,72";"0,88";"0,70";"0,97";"1,03";"1,24";"1,04";"0,96";"1,23";"1,30";"1,18"
"Goiás";"...";"...";"...";"...";"...";"...";"...";"...";"...";"...";"...";"...";"...";"...";"5,27";"8,02";"9,88";"14,14";"16,46";"19,40";"20,94";"24,81";"22,87";"22,92";"20,87";"21,28";"21,21";"20,61";"19,11";"17,89";"16,55";"16,50";"17,90";"18,09";"17,85";"17,85";"17,22";"17,75";"19,71";"19,81";"20,34";"19,39";"18,55";"18,11";"16,82";"16,72";"16,90";"17,85";"17,40"
"Distrito Federal";"...";"...";"...";"...";"...";"...";"...";"...";"...";"...";"...";"...";"...";"...";"5,35";"6,49";"6,05";"10,08";"23,54";"15,66";"17,70";"23,13";"17,24";"20,80";"17,98";"18,60";"17,30";"14,62";"15,24";"17,26";"15,49";"15,16";"14,82";"7,46";"7,40";"6,85";"8,19";"10,90";"10,14";"11,51";"11,62";"17,31";"8,55";"3,74";"2,83";"3,01";"3,01";"3,01";"3,00"
"Fonte: IBGE - Produção Agrícola Municipal"

"Tabela 1613 - Área destinada à colheita, área colhida, quantidade produzida, rendimento médio e valor da produção das lavouras permanentes"
"Variável - Área colhida (Hectares)"
"Brasil, Grande Região e Unidade da Federação";"Ano x Produto das lavouras permanentes"
"Brasil, Grande Região e Unidade da Federação";"1974";"1975";"1976";"1977";"1978";"1979";"1980";"1981";"1982";"1983";"1984";"1985";"1986";"1987";"1988";"1989";"1990";"1991";"1992";"1993";"1994";"1995";"1996";"1997";"1998";"1999";"2000";"2001";"2002";"2003";"2004";"2005";"2006";"2007";"2008";"2009";"2010";"2011";"2012";"2013";"2014";"2015";"2016";"2017";"2018";"2019";"2020";"2021";"2022"
"Brasil, Grande Região e Unidade da Federação";"Laranja";"Laranja";"Laranja";"Laranja";"Laranja";"Laranja";"Laranja";"Laranja";"Laranja";"Laranja";"Laranja";"Laranja";"Laranja";"Laranja";"Laranja";"Laranja";"Laranja";"Laranja";"Laranja";"Laranja";"Laranja";"Laranja";"Laranja";"Laranja";"Laranja";"Laranja";"Laranja";"Laranja";"Laranja";"Laranja";"Laranja";"Laranja";"Laranja";"Laranja";"Laranja";"Laranja";"Laranja";"Laranja";"Laranja";"Laranja";"Laranja";"Laranja";"Laranja";"Laranja";"Laranja";"Laranja";"Laranja";"Laranja";"Laranja"
"Brasil";"349591";"403192";"413698";"421707";"454503";"474948";"575249";"575247";"589967";"624367";"632122";"663063";"707822";"725560";"805692";"882632";"912996";"983407";"988704";"800505";"897985";"856419";"964373";"985521";"1018576";"1027079";"856422";"824693";"828843";"836041";"823220";"805665";"805903";"821244";"836602";"787250";"792753";"817292";"729583";"702200";"680324";"678807";"642210";"632939";"589329";"589764";"572567";"578153";"568132"
"Norte";"1613";"1819";"1551";"1581";"1644";"1954";"2574";"2719";"2805";"2812";"3626";"3774";"4841";"5810";"6176";"6787";"8840";"10208";"10410";"15719";"18012";"19768";"20814";"19886";"19635";"19810";"18849";"18209";"17983";"17485";"18318";"18310";"18549";"18014";"18289";"18301";"16963";"17005";"17703";"18534";"18064";"19801";"19738";"23645";"19323";"19526";"20362";"18250";"19366"
"Nordeste";"25179";"30016";"33412";"34891";"39619";"45880";"49082";"48186";"50058";"51641";"54326";"55790";"56743";"57455";"59137";"71163";"73789";"79821";"84558";"85970";"90890";"96829";"105751";"104982";"114550";"110685";"111123";"109430";"110874";"108649";"114697";"114696";"117589";"118720";"127513";"118373";"125515";"129506";"131117";"124946";"123524";"133132";"112194";"102408";"96837";"96580";"93225";"93794";"93095"
"Sudeste";"288022";"332531";"343302";"347656";"377057";"390932";"489986";"494694";"507267";"540003";"543415";"571789";"612073";"629517";"707156";"768602";"792458";"854165";"851686";"652916";"739307";"686967";"788685";"804404";"825087";"834021";"663939";"635989";"640488";"650472";"632669";"615400";"611509";"622776";"629821";"588716";"587352";"602965";"512373";"491054";"473588";"463736";"449329";"448413";"418603";"420381";"407476";"414602";"402887"
"Sul";"30665";"34663";"32020";"32764";"32153";"32275";"29796";"25634";"26312";"26196";"26883";"27777";"28219";"27949";"28115";"30894";"32176";"32537";"34455";"37541";"41388";"43764";"41104";"47584";"50863";"53593";"53389";"51913";"51794";"51589";"50340";"50452";"50645";"54204";"53243";"54240";"54911";"60070";"59954";"59654";"56560";"53336";"52203";"50065";"46528";"44849";"43040";"42958";"43760"
"Centro-Oeste";"4112";"4163";"3413";"4815";"4030";"3907";"3811";"4014";"3525";"3715";"3872";"3933";"5946";"4829";"5108";"5186";"5733";"6676";"7595";"8359";"8388";"9091";"8019";"8665";"8441";"8970";"9122";"9152";"7704";"7846";"7196";"6807";"7611";"7530";"7736";"7620";"8012";"7746";"8436";"8012";"8588";"8802";"8746";"8408";"8038";"8428";"8464";"8549";"9024"
"Rondônia";"35";"26";"56";"75";"145";"353";"353";"457";"513";"550";"561";"728";"1125";"1230";"1224";"1247";"1260";"1196";"1291";"1251";"1218";"1633";"1072";"1011";"881";"764";"903";"854";"569";"595";"563";"659";"881";"848";"844";"793";"564";"490";"524";"560";"624";"687";"611";"626";"447";"525";"514";"392";"372"
"Acre";"94";"99";"61";"62";"54";"69";"82";"86";"91";"93";"95";"103";"100";"105";"109";"113";"118";"119";"120";"133";"156";"164";"510";"582";"540";"571";"578";"555";"560";"586";"585";"454";"377";"231";"264";"266";"385";"331";"322";"361";"553";"584";"579";"575";"480";"463";"465";"456";"469"
"Amazonas";"502";"493";"263";"173";"154";"194";"710";"707";"710";"719";"1243";"1247";"1167";"1294";"1313";"1531";"1372";"1381";"1576";"2024";"2218";"2369";"2696";"2489";"2712";"2806";"2906";"2794";"2783";"2773";"2635";"2841";"2889";"2773";"3374";"3382";"2150";"2658";"2990";"2651";"2355";"3512";"2817";"3067";"2768";"2330";"919";"1109";"1233"
"Roraima";"50";"88";"39";"48";"48";"50";"58";"18";"60";"60";"92";"133";"363";"385";"385";"365";"380";"430";"300";"...";"400";"600";"502";"400";"500";"300";"300";"300";"295";"200";"222";"222";"222";"222";"222";"222";"222";"222";"222";"1391";"1402";"1819";"1167";"1135";"1254";"1239";"1230";"1443";"1435"
"Pará";"852";"1023";"1080";"1170";"1186";"1225";"1293";"1340";"1340";"1332";"1560";"1509";"2028";"2737";"3075";"3315";"5499";"6842";"6876";"12071";"13772";"14720";"15356";"14792";"14329";"14671";"13418";"12704";"12788";"12375";"13341";"13093";"13086";"12757";"12277";"12203";"12154";"12056";"11943";"11851";"11839";"11952";"13465";"17317";"13628";"14265";"16577";"14200";"15197"
"Amapá";"80";"90";"52";"53";"57";"63";"78";"111";"91";"58";"75";"54";"58";"59";"70";"66";"66";"73";"76";"96";"119";"145";"330";"389";"400";"458";"495";"762";"785";"765";"780";"855";"910";"1000";"1153";"1280";"1290";"1090";"1560";"1560";"1170";"1120";"972";"890";"698";"640";"608";"586";"590"
"Tocantins";"...";"...";"...";"...";"...";"...";"...";"...";"...";"...";"...";"...";"...";"...";"...";"150";"145";"167";"171";"144";"129";"137";"348";"223";"273";"240";"249";"240";"203";"191";"192";"186";"184";"183";"155";"155";"198";"158";"142";"160";"121";"127";"127";"35";"48";"64";"49";"64";"70"
"Maranhão";"1450";"2953";"3324";"3452";"3553";"3631";"3683";"3714";"3711";"3594";"3176";"2666";"2678";"2687";"2766";"2711";"2672";"2642";"2433";"2413";"2357";"2244";"1493";"1759";"1717";"1622";"1429";"1474";"1416";"1372";"1362";"1374";"1292";"1318";"1210";"1148";"1190";"1084";"1044";"1007";"979";"912";"747";"600";"539";"212";"108";"69";"76"
"Piauí";"912";"1097";"1097";"1191";"1185";"1312";"1455";"1428";"1333";"1296";"1095";"1218";"1312";"1363";"1421";"1426";"1417";"1566";"1575";"1169";"1119";"1107";"685";"642";"827";"804";"803";"730";"689";"644";"580";"516";"507";"488";"437";"424";"414";"419";"393";"353";"371";"313";"288";"213";"207";"168";"173";"178";"182"
"Ceará";"1775";"1534";"1603";"1500";"1600";"1650";"1500";"1200";"1700";"1935";"1977";"1800";"1561";"1746";"1545";"1529";"1490";"1521";"1468";"1302";"1201";"1255";"1588";"1701";"1545";"1695";"1581";"1599";"1563";"1571";"1658";"1676";"1718";"1724";"1769";"1753";"1783";"1850";"1880";"1965";"1789";"1586";"1507";"1535";"1159";"1110";"1106";"1094";"952"
"Rio Grande do Norte";"405";"457";"451";"487";"519";"545";"550";"549";"559";"542";"537";"529";"450";"420";"402";"409";"509";"503";"500";"508";"514";"514";"442";"434";"435";"434";"434";"358";"347";"380";"388";"420";"338";"294";"275";"245";"223";"200";"212";"184";"177";"194";"132";"119";"97";"81";"104";"100";"90"
"Paraíba";"1564";"1813";"2191";"1894";"1964";"2244";"2384";"1808";"1713";"1748";"1873";"1651";"1703";"1722";"1595";"1566";"1644";"1637";"1644";"1577";"1094";"1069";"1347";"1109";"927";"852";"905";"805";"751";"770";"776";"792";"844";"844";"862";"1014";"1007";"990";"949";"834";"742";"754";"717";"586";"697";"707";"734";"724";"754"
"Pernambuco";"4400";"4590";"4366";"4300";"5290";"5127";"4800";"4670";"4264";"3690";"3152";"2949";"2890";"2925";"2736";"2559";"2445";"2489";"2458";"2262";"2003";"1979";"2014";"1697";"1560";"1494";"1430";"1137";"1015";"895";"843";"680";"660";"665";"622";"571";"660";"808";"749";"606";"704";"573";"494";"579";"519";"581";"535";"565";"676"
"Alagoas";"923";"908";"944";"1017";"1009";"1001";"1001";"1039";"876";"698";"665";"664";"612";"579";"535";"526";"547";"579";"558";"543";"659";"807";"958";"1220";"3384";"3448";"3761";"4150";"3940";"3658";"4006";"3945";"3911";"3902";"4400";"4462";"4357";"4310";"4392";"4577";"4586";"5191";"7323";"10994";"11846";"12301";"11504";"11689";"11177"
"Sergipe";"6750";"8449";"10886";"13050";"14899";"20540";"23257";"22797";"24447";"25677";"27151";"28313";"28997";"29462";"30637";"32526";"34374";"35539";"36994";"38549";"39195";"40291";"47252";"42270";"50475";"51066";"51718";"49728";"50422";"51057";"54961";"54697";"54819";"55272";"53471";"53001";"54733";"56542";"56369";"52221";"51880";"47628";"43375";"38004";"30778";"30402";"30229";"30208";"30314"
"Bahia";"7000";"8215";"8550";"8000";"9600";"9830";"10452";"10981";"11455";"12461";"14700";"16000";"16540";"16551";"17500";"27911";"28691";"33345";"36928";"37647";"42748";"47563";"49972";"54150";"53680";"49270";"49062";"49449";"50731";"48302";"50123";"50596";"53500";"54213";"64467";"55755";"61148";"63303";"65129";"63199";"62296";"75981";"57611";"49778";"50995";"51018";"48732";"49167";"48874"
"Minas Gerais";"32000";"20719";"21413";"22064";"22365";"25471";"25954";"27380";"29113";"29724";"31135";"31758";"32164";"31876";"32016";"32931";"33432";"33814";"37111";"38140";"41430";"50525";"52231";"51947";"44384";"43327";"40553";"43812";"43592";"40802";"37003";"33441";"32700";"32311";"30966";"30549";"33092";"32964";"36579";"39427";"42941";"44024";"41710";"39526";"36534";"36620";"38284";"38850";"38946"
"Espírito Santo";"3500";"3500";"3687";"3687";"1800";"1800";"1500";"1500";"1584";"1678";"2116";"1946";"1971";"2119";"2183";"2071";"1990";"2045";"2299";"2419";"2438";"2668";"2482";"2441";"2685";"2680";"2618";"2735";"2752";"2540";"2261";"2171";"2027";"1956";"1800";"1664";"1554";"1595";"1250";"1245";"1240";"1201";"1231";"1339";"1350";"1354";"1437";"1535";"1817"
"Rio de Janeiro";"12909";"35872";"35872";"35500";"26552";"32485";"35082";"34756";"35721";"36351";"35945";"34429";"36083";"32574";"32607";"35020";"34186";"28977";"28602";"27730";"26978";"13004";"14237";"13246";"11378";"11324";"11293";"7955";"7307";"7070";"5470";"5278";"5250";"4413";"4489";"4602";"4603";"4454";"4462";"4339";"5420";"5876";"3762";"4374";"4427";"5225";"5055";"4970";"4691"
"Guanabara";"26613";"...";"...";"...";"...";"...";"...";"...";"...";"...";"...";"...";"...";"...";"...";"...";"...";"...";"...";"...";"...";"...";"...";"...";"...";"...";"...";"...";"...";"...";"...";"...";"...";"...";"...";"...";"...";"...";"...";"...";"...";"...";"...";"...";"...";"...";"...";"...";"..."
"São Paulo";"213000";"272440";"282330";"286405";"326340";"331176";"427450";"431058";"440849";"472250";"474219";"503656";"541855";"562948";"640350";"698580";"722850";"789329";"783674";"584627";"668461";"620770";"719735";"736770";"766640";"776690";"609475";"581487";"586837";"600060";"587935";"574510";"571532";"584096";"592566";"551901";"548103";"563952";"470082";"446043";"423987";"412635";"402626";"403174";"376292";"377182";"362700";"369247";"357433"
"Paraná";"5035";"6408";"5240";"5162";"4669";"5183";"4350";"3917";"4200";"4045";"4268";"4537";"4440";"4293";"4149";"4063";"4261";"4391";"5323";"5450";"7286";"8744";"9471";"10017";"11471";"13313";"13754";"13712";"15592";"14921";"14159";"15053";"15219";"19166";"19900";"20000";"21115";"27143";"28117";"28776";"27121";"25197";"24711";"23596";"22506";"21146";"20007";"19899";"20930"
"Santa Catarina";"6130";"5985";"3780";"5102";"3684";"2510";"2515";"2329";"2501";"2377";"2467";"2760";"2753";"2200";"2110";"1959";"2591";"3297";"3551";"4160";"5244";"7572";"9260";"10572";"11815";"12109";"12283";"11332";"9242";"9649";"8984";"8182";"7950";"8015";"7555";"7078";"6032";"5273";"4074";"3816";"3400";"3249";"3097";"2739";"1669";"1496";"1761";"1753";"1730"
"Rio Grande do Sul";"19500";"22270";"23000";"22500";"23800";"24582";"22931";"19388";"19611";"19774";"20148";"20480";"21026";"21456";"21856";"24872";"25324";"24849";"25581";"27931";"28858";"27448";"22373";"26995";"27577";"28171";"27352";"26869";"26960";"27019";"27197";"27217";"27476";"27023";"25788";"27162";"27764";"27654";"27763";"27062";"26039";"24890";"24395";"23730";"22353";"22207";"21272";"21306";"21100"
"Mato Grosso do Sul";"...";"...";"...";"...";"...";"567";"499";"554";"373";"389";"457";"469";"2391";"1111";"1105";"1049";"957";"966";"1023";"727";"645";"634";"573";"886";"531";"608";"627";"643";"520";"387";"334";"270";"319";"330";"220";"236";"521";"519";"405";"679";"695";"712";"804";"1036";"848";"1007";"1029";"1112";"1467"
"Mato Grosso";"1742";"1770";"1008";"2205";"1366";"666";"579";"707";"707";"699";"703";"704";"665";"683";"790";"917";"926";"950";"1116";"1326";"1414";"1462";"1107";"1040";"1203";"1226";"1343";"1381";"647";"1044";"702";"469";"479";"520";"495";"501";"472";"393";"408";"493";"501";"574";"580";"615";"461";"438";"476";"485";"483"
"Goiás";"2180";"2200";"2200";"2400";"2500";"2490";"2549";"2560";"2240";"2417";"2502";"2550";"2680";"2815";"3000";"2950";"3590";"4315";"4757";"5625";"5617";"6142";"5687";"6008";"6067";"6512";"6609";"6643";"6056";"5981";"5746";"5658";"6403";"6498";"6840";"6717";"6853";"6613";"7380";"6597";"7149";"7273";"7210";"6684";"6679";"6933";"6909";"6902";"7024"
"Distrito Federal";"190";"193";"205";"210";"164";"184";"184";"193";"205";"210";"210";"210";"210";"220";"213";"270";"260";"445";"699";"681";"712";"853";"652";"731";"640";"624";"543";"485";"481";"434";"414";"410";"410";"182";"181";"166";"166";"221";"243";"243";"243";"243";"152";"73";"50";"50";"50";"50";"50"
"Fonte: IBGE - Produção Agrícola Municipal"

"Tabela 1613 - Área destinada à colheita, área colhida, quantidade produzida, rendimento médio e valor da produção das lavouras permanentes"
"Variável - Área colhida - percentual do total geral"
"Brasil, Grande Região e Unidade da Federação";"Ano x Produto das lavouras permanentes"
"Brasil, Grande Região e Unidade da Federação";"1974";"1975";"1976";"1977";"1978";"1979";"1980";"1981";"1982";"1983";"1984";"1985";"1986";"1987";"1988";"1989";"1990";"1991";"1992";"1993";"1994";"1995";"1996";"1997";"1998";"1999";"2000";"2001";"2002";"2003";"2004";"2005";"2006";"2007";"2008";"2009";"2010";"2011";"2012";"2013";"2014";"2015";"2016";"2017";"2018";"2019";"2020";"2021";"2022"
"Brasil, Grande Região e Unidade da Federação";"Laranja";"Laranja";"Laranja";"Laranja";"Laranja";"Laranja";"Laranja";"Laranja";"Laranja";"Laranja";"Laranja";"Laranja";"Laranja";"Laranja";"Laranja";"Laranja";"Laranja";"Laranja";"Laranja";"Laranja";"Laranja";"Laranja";"Laranja";"Laranja";"Laranja";"Laranja";"Laranja";"Laranja";"Laranja";"Laranja";"Laranja";"Laranja";"Laranja";"Laranja";"Laranja";"Laranja";"Laranja";"Laranja";"Laranja";"Laranja";"Laranja";"Laranja";"Laranja";"Laranja";"Laranja";"Laranja";"Laranja";"Laranja";"Laranja"
"Brasil";"5,66";"6,15";"7,65";"6,46";"6,75";"6,87";"8,08";"8,01";"9,05";"9,52";"9,44";"9,74";"10,38";"10,87";"11,42";"12,38";"13,01";"14,20";"14,67";"13,07";"15,09";"15,00";"17,40";"16,98";"17,01";"16,67";"13,87";"13,34";"13,44";"13,31";"13,08";"12,89";"12,71";"12,99";"13,20";"12,78";"12,75";"12,96";"11,94";"11,91";"11,88";"11,61";"11,01";"11,98";"11,14";"11,16";"10,59";"10,78";"10,45"
"Norte";"5,16";"4,27";"3,97";"3,31";"2,54";"2,46";"2,22";"1,87";"1,70";"1,32";"1,75";"1,44";"1,82";"2,13";"1,91";"1,70";"1,96";"2,30";"2,41";"3,45";"3,97";"4,33";"5,06";"4,94";"4,76";"4,04";"3,53";"3,34";"3,83";"3,22";"3,52";"3,54";"3,55";"3,49";"3,52";"3,62";"3,35";"3,36";"3,65";"4,09";"3,92";"3,21";"3,01";"3,46";"2,79";"2,68";"2,60";"2,41";"2,45"
"Nordeste";"0,76";"0,84";"0,94";"0,92";"1,05";"1,24";"1,30";"1,35";"1,38";"1,64";"1,75";"1,79";"1,84";"2,22";"2,15";"2,66";"2,82";"3,08";"3,18";"3,59";"3,98";"4,16";"5,26";"4,89";"5,20";"5,06";"4,86";"4,81";"4,99";"4,81";"4,88";"4,86";"4,79";"4,79";"5,05";"4,75";"5,01";"5,06";"5,28";"5,32";"5,46";"5,91";"5,13";"5,81";"5,70";"5,78";"5,57";"5,54";"5,51"
"Sudeste";"17,04";"18,77";"21,12";"19,05";"18,98";"17,37";"21,07";"19,85";"23,70";"22,04";"20,80";"21,43";"23,02";"21,29";"22,71";"24,01";"25,16";"27,15";"28,17";"24,14";"27,47";"26,95";"29,68";"29,30";"28,92";"28,53";"23,89";"22,44";"22,07";"22,44";"22,09";"21,80";"21,59";"22,31";"22,80";"22,28";"21,86";"22,21";"19,60";"18,93";"18,68";"18,51";"17,80";"18,86";"17,08";"17,22";"16,26";"16,79";"16,06"
"Sul";"2,83";"3,15";"20,16";"4,19";"3,87";"4,07";"3,75";"3,04";"5,64";"4,30";"4,29";"4,47";"4,36";"3,99";"4,00";"4,45";"5,09";"5,48";"7,01";"8,31";"9,98";"15,94";"11,28";"12,70";"12,63";"12,52";"12,12";"13,37";"11,41";"11,28";"11,49";"11,60";"11,65";"12,47";"12,38";"12,92";"13,07";"14,26";"14,17";"14,71";"15,23";"14,27";"13,99";"13,63";"13,18";"12,82";"12,23";"12,33";"12,35"
"Centro-Oeste";"7,00";"6,81";"7,43";"6,46";"4,60";"4,30";"3,16";"3,21";"2,89";"2,64";"2,82";"2,68";"3,88";"3,10";"3,09";"3,24";"3,32";"4,36";"5,78";"7,00";"7,80";"9,13";"8,06";"6,48";"7,31";"6,83";"6,70";"6,57";"6,63";"6,39";"5,83";"5,86";"7,77";"7,48";"7,40";"7,68";"8,10";"7,63";"8,25";"8,31";"8,94";"9,22";"9,35";"8,87";"8,61";"9,10";"9,41";"9,35";"9,61"
"Rondônia";"4,47";"0,70";"0,92";"0,58";"0,64";"1,08";"0,65";"0,69";"0,56";"0,44";"0,48";"0,45";"0,73";"0,78";"0,70";"0,61";"0,59";"0,58";"0,64";"0,58";"0,58";"0,77";"0,81";"0,76";"0,65";"0,37";"0,36";"0,33";"0,32";"0,26";"0,26";"0,31";"0,44";"0,43";"0,42";"0,41";"0,29";"0,26";"0,32";"0,43";"0,56";"0,64";"0,58";"0,64";"0,52";"0,63";"0,62";"0,50";"0,50"
"Acre";"3,05";"3,11";"1,57";"1,81";"1,43";"2,00";"1,99";"1,79";"1,76";"1,70";"1,75";"1,65";"1,83";"1,75";"1,76";"1,81";"1,64";"1,32";"1,31";"1,46";"1,93";"1,34";"6,57";"7,10";"6,85";"5,79";"5,16";"5,21";"4,15";"4,14";"3,88";"3,56";"2,68";"1,55";"1,92";"3,15";"3,55";"2,97";"2,99";"3,02";"4,32";"4,68";"4,71";"4,72";"4,50";"4,47";"4,66";"4,72";"4,86"
"Amazonas";"8,01";"3,98";"6,71";"4,16";"3,86";"4,16";"11,47";"6,23";"7,63";"6,58";"9,47";"6,81";"6,44";"7,89";"7,90";"9,27";"8,80";"11,76";"13,55";"13,20";"13,79";"13,90";"4,73";"4,44";"4,71";"4,57";"4,98";"5,80";"5,59";"5,39";"5,35";"6,80";"6,78";"7,59";"8,17";"7,71";"7,40";"8,07";"10,02";"8,56";"12,13";"15,57";"14,01";"11,70";"10,78";"10,64";"4,41";"5,31";"5,64"
"Roraima";"24,51";"35,63";"21,79";"11,79";"23,08";"20,00";"17,74";"2,62";"6,15";"7,24";"10,48";"17,97";"12,51";"12,74";"10,96";"15,49";"16,04";"20,97";"18,40";"...";"16,67";"19,35";"11,24";"13,79";"14,27";"6,97";"6,97";"6,83";"7,60";"4,89";"4,49";"4,48";"4,03";"4,03";"4,02";"3,58";"3,67";"3,57";"3,14";"11,95";"12,01";"12,52";"12,28";"11,48";"13,39";"12,47";"12,29";"15,76";"12,67"
"Pará";"4,15";"4,51";"4,38";"4,42";"3,52";"3,22";"2,55";"2,17";"2,31";"1,91";"2,27";"2,09";"2,45";"3,03";"2,59";"2,21";"3,00";"3,46";"3,59";"6,03";"6,72";"7,25";"7,76";"7,74";"7,30";"7,24";"6,59";"5,97";"6,00";"5,32";"5,81";"5,58";"5,25";"5,06";"4,89";"5,00";"4,75";"4,72";"4,54";"4,55";"3,99";"2,64";"2,69";"3,27";"2,50";"2,43";"2,54";"2,25";"2,29"
"Amapá";"20,51";"22,44";"14,99";"14,44";"15,36";"20,79";"24,07";"10,26";"13,83";"6,32";"8,06";"7,03";"7,01";"11,48";"1,75";"1,64";"1,55";"1,66";"1,77";"2,23";"33,24";"36,43";"6,33";"7,48";"7,66";"35,70";"35,59";"36,32";"51,11";"50,03";"50,52";"47,13";"48,61";"46,45";"44,18";"43,81";"42,67";"38,18";"42,47";"41,10";"33,34";"32,17";"29,62";"27,30";"28,13";"25,39";"24,09";"23,22";"22,11"
"Tocantins";"...";"...";"...";"...";"...";"...";"...";"...";"...";"...";"...";"...";"...";"...";"...";"1,01";"0,62";"1,30";"1,51";"1,23";"1,19";"1,48";"4,54";"3,43";"3,89";"3,60";"4,04";"3,75";"3,01";"2,74";"2,81";"2,60";"2,68";"2,63";"2,30";"2,56";"3,61";"2,47";"2,34";"3,02";"2,90";"3,04";"2,78";"0,86";"0,37";"0,47";"0,93";"1,00";"1,02"
"Maranhão";"2,71";"5,65";"6,05";"6,03";"5,75";"5,35";"5,24";"5,02";"5,60";"7,65";"5,24";"5,51";"5,89";"6,81";"6,93";"8,34";"9,28";"7,86";"7,40";"6,83";"6,44";"5,99";"4,88";"5,69";"5,65";"5,61";"4,63";"4,66";"4,47";"4,31";"4,12";"3,96";"3,58";"3,52";"3,19";"3,21";"3,18";"2,97";"3,04";"3,06";"3,15";"3,41";"2,90";"2,21";"2,11";"0,98";"0,57";"0,37";"0,47"
"Piauí";"0,95";"0,68";"0,71";"0,77";"0,70";"0,74";"0,77";"0,71";"0,60";"0,60";"0,56";"0,52";"0,49";"0,46";"0,48";"0,43";"0,47";"0,53";"0,57";"0,42";"0,51";"0,50";"0,70";"0,61";"0,60";"0,54";"0,53";"0,47";"0,46";"0,40";"0,35";"0,31";"0,31";"0,27";"0,24";"0,24";"0,23";"0,24";"0,23";"0,26";"0,38";"0,34";"0,35";"0,27";"0,26";"0,23";"0,23";"0,23";"0,24"
"Ceará";"0,17";"0,13";"0,14";"0,11";"0,12";"0,12";"0,10";"0,10";"0,14";"0,22";"0,24";"0,24";"0,22";"0,30";"0,24";"0,26";"0,27";"0,28";"0,26";"0,26";"0,24";"0,26";"0,41";"0,41";"0,37";"0,40";"0,34";"0,36";"0,34";"0,34";"0,35";"0,35";"0,36";"0,36";"0,36";"0,34";"0,34";"0,35";"0,36";"0,37";"0,36";"0,33";"0,32";"0,37";"0,32";"0,31";"0,30";"0,30";"0,26"
"Rio Grande do Norte";"0,08";"0,08";"0,08";"0,10";"0,11";"0,14";"0,15";"0,14";"0,14";"0,17";"0,14";"0,12";"0,12";"0,21";"0,19";"0,17";"0,22";"0,27";"0,27";"0,29";"0,31";"0,31";"0,28";"0,27";"0,27";"0,29";"0,29";"0,25";"0,21";"0,23";"0,23";"0,26";"0,21";"0,19";"0,18";"0,15";"0,14";"0,12";"0,13";"0,14";"0,13";"0,18";"0,15";"0,13";"0,12";"0,10";"0,13";"0,12";"0,11"
"Paraíba";"0,31";"0,32";"0,34";"0,27";"0,33";"0,37";"0,39";"0,29";"0,29";"0,32";"0,40";"0,40";"0,49";"0,78";"0,72";"0,80";"0,91";"0,95";"0,99";"1,68";"1,17";"1,14";"2,41";"2,06";"1,52";"1,72";"1,79";"1,64";"1,40";"1,38";"1,28";"1,32";"1,41";"1,44";"1,48";"1,78";"1,80";"2,16";"2,08";"2,04";"2,00";"2,14";"2,08";"1,85";"2,15";"2,20";"2,28";"2,27";"2,46"
"Pernambuco";"1,77";"1,84";"1,77";"1,48";"1,83";"1,92";"2,17";"2,49";"2,48";"2,43";"2,09";"1,83";"1,98";"2,37";"2,12";"2,42";"2,20";"2,43";"2,49";"2,79";"2,62";"2,51";"2,53";"2,02";"2,09";"2,08";"1,87";"1,54";"1,23";"1,07";"1,00";"0,81";"0,77";"0,75";"0,67";"0,61";"0,72";"0,79";"0,89";"0,83";"0,91";"0,77";"0,70";"0,78";"0,63";"0,66";"0,62";"0,64";"0,76"
"Alagoas";"2,61";"2,51";"2,90";"2,70";"2,59";"2,61";"2,50";"2,68";"2,30";"1,77";"2,38";"2,44";"2,34";"2,26";"2,17";"2,20";"2,37";"2,64";"2,67";"2,81";"3,24";"3,95";"4,62";"5,58";"13,95";"14,67";"14,59";"16,03";"16,11";"15,10";"16,00";"16,87";"16,35";"16,52";"17,78";"18,36";"18,02";"17,84";"26,97";"17,91";"17,86";"17,97";"19,55";"24,23";"25,55";"25,76";"24,42";"23,30";"23,33"
"Sergipe";"19,25";"18,01";"21,31";"24,42";"25,97";"35,18";"35,75";"34,67";"35,27";"36,12";"36,85";"37,75";"37,89";"37,34";"33,32";"34,61";"37,58";"38,23";"37,79";"39,19";"39,94";"39,94";"47,43";"40,81";"47,72";"47,93";"47,72";"46,77";"48,40";"49,37";"51,43";"51,44";"51,79";"50,96";"49,74";"49,52";"50,23";"52,63";"53,48";"52,55";"52,92";"50,62";"52,09";"50,42";"49,79";"51,30";"52,22";"52,63";"53,56"
"Bahia";"0,92";"1,12";"1,27";"1,20";"1,36";"1,33";"1,35";"1,37";"1,30";"1,42";"1,61";"1,64";"1,51";"1,61";"1,58";"2,58";"2,65";"2,93";"3,02";"3,37";"3,97";"4,24";"4,63";"4,62";"4,52";"4,17";"3,97";"3,98";"4,41";"4,15";"4,04";"4,05";"4,00";"4,03";"4,72";"4,20";"4,58";"4,58";"4,85";"4,96";"4,91";"5,78";"4,48";"5,39";"5,53";"5,63";"5,37";"5,33";"5,32"
"Minas Gerais";"8,26";"5,29";"4,75";"4,89";"4,87";"4,30";"4,84";"4,51";"5,18";"4,34";"4,48";"4,47";"3,96";"3,37";"3,19";"3,17";"3,18";"3,26";"3,56";"3,87";"4,19";"5,37";"5,50";"5,28";"4,30";"4,10";"3,68";"3,75";"3,64";"3,50";"3,13";"2,92";"2,78";"2,78";"2,66";"2,74";"2,91";"2,89";"3,18";"3,39";"3,78";"3,91";"3,56";"3,78";"3,19";"3,26";"3,21";"3,39";"3,33"
"Espírito Santo";"1,40";"1,58";"1,28";"1,49";"0,61";"0,53";"0,42";"0,43";"0,42";"0,38";"0,47";"0,43";"0,40";"0,43";"0,41";"0,36";"0,35";"0,35";"0,43";"0,46";"0,47";"0,51";"0,48";"0,45";"0,48";"0,46";"0,44";"0,45";"0,44";"0,40";"0,37";"0,35";"0,33";"0,33";"0,31";"0,29";"0,28";"0,29";"0,23";"0,23";"0,24";"0,23";"0,24";"0,27";"0,28";"0,28";"0,30";"0,31";"0,36"
"Rio de Janeiro";"23,87";"36,48";"36,24";"35,98";"37,93";"39,28";"40,56";"40,25";"41,83";"41,73";"39,43";"38,06";"38,08";"36,40";"36,35";"36,60";"36,01";"32,56";"33,80";"35,09";"35,43";"21,22";"23,18";"21,71";"19,43";"19,63";"19,31";"14,36";"12,87";"12,13";"9,57";"9,45";"9,49";"8,51";"8,57";"8,82";"9,09";"8,72";"8,67";"8,62";"11,09";"12,58";"8,40";"12,07";"13,15";"15,11";"14,96";"15,76";"15,29"
"Guanabara";"51,47";"...";"...";"...";"...";"...";"...";"...";"...";"...";"...";"...";"...";"...";"...";"...";"...";"...";"...";"...";"...";"...";"...";"...";"...";"...";"...";"...";"...";"...";"...";"...";"...";"...";"...";"...";"...";"...";"...";"...";"...";"...";"...";"...";"...";"...";"...";"...";"..."
"São Paulo";"22,51";"25,70";"35,84";"27,85";"28,06";"26,76";"31,80";"29,70";"39,50";"38,10";"34,42";"35,64";"43,18";"39,48";"43,21";"46,61";"50,21";"54,72";"57,32";"52,51";"60,34";"60,61";"63,73";"63,82";"63,53";"63,08";"59,45";"58,31";"57,59";"57,79";"58,36";"57,61";"58,12";"59,57";"61,03";"60,65";"57,61";"57,85";"54,36";"53,14";"51,54";"51,22";"50,27";"50,37";"47,22";"46,81";"45,69";"45,84";"44,83"
"Paraná";"0,53";"0,66";"22,56";"0,81";"0,68";"0,80";"0,67";"0,56";"1,31";"0,88";"0,92";"1,00";"0,93";"0,81";"0,79";"0,79";"0,94";"1,07";"1,74";"2,19";"3,35";"12,11";"5,43";"5,92";"5,98";"6,39";"6,20";"8,51";"6,95";"6,71";"6,92";"7,64";"7,91";"10,21";"10,74";"11,40";"12,08";"15,64";"15,93";"17,81";"21,85";"19,27";"18,65";"18,17";"18,81";"17,70";"16,51";"17,04";"17,54"
"Santa Catarina";"21,78";"20,69";"14,72";"16,56";"12,26";"8,61";"7,66";"6,93";"6,76";"6,39";"5,76";"6,15";"6,00";"4,66";"4,37";"4,14";"5,27";"6,19";"6,78";"7,49";"9,00";"12,44";"13,89";"16,03";"17,07";"16,67";"17,00";"15,08";"12,87";"12,81";"11,79";"10,59";"10,37";"10,23";"9,88";"9,67";"8,20";"7,19";"5,50";"5,25";"4,42";"4,23";"4,10";"3,76";"2,15";"1,98";"2,34";"2,34";"2,27"
"Rio Grande do Sul";"19,71";"20,60";"20,93";"20,11";"21,08";"21,85";"20,76";"18,28";"17,97";"17,70";"16,85";"16,68";"16,57";"17,18";"17,28";"19,15";"19,25";"18,77";"19,20";"18,99";"20,74";"19,40";"18,17";"19,36";"19,46";"19,13";"18,71";"17,69";"17,09";"16,92";"17,28";"16,92";"16,58";"16,04";"15,31";"15,85";"16,18";"15,86";"16,10";"15,80";"15,28";"14,97";"14,77";"14,41";"14,35";"14,34";"13,68";"13,59";"13,28"
"Mato Grosso do Sul";"...";"...";"...";"...";"...";"2,22";"1,54";"2,26";"2,47";"1,89";"2,21";"2,22";"13,08";"6,93";"7,69";"8,29";"7,58";"10,88";"12,67";"10,84";"10,95";"16,74";"7,72";"10,32";"7,62";"7,75";"8,61";"9,61";"6,62";"4,97";"4,71";"4,38";"5,85";"5,84";"4,23";"4,91";"10,22";"9,95";"7,97";"13,02";"13,21";"13,06";"13,28";"9,87";"10,89";"9,69";"10,33";"7,86";"10,04"
"Mato Grosso";"5,96";"5,72";"7,17";"6,24";"3,05";"3,31";"1,44";"1,60";"1,41";"1,11";"1,28";"1,09";"0,89";"0,86";"0,84";"0,85";"0,77";"0,90";"1,25";"1,68";"1,98";"2,20";"1,75";"1,09";"1,56";"1,34";"1,40";"1,42";"0,90";"1,33";"0,89";"0,64";"0,89";"0,93";"0,82";"0,91";"0,91";"0,69";"0,72";"0,88";"0,94";"1,14";"1,23";"1,35";"1,04";"1,12";"1,27";"1,31";"1,30"
"Goiás";"7,76";"7,67";"7,26";"6,37";"6,01";"5,70";"5,54";"4,70";"4,12";"4,44";"4,33";"4,49";"4,76";"4,98";"5,62";"8,29";"10,03";"12,43";"15,40";"19,01";"21,35";"23,85";"22,75";"23,27";"21,82";"22,79";"22,30";"20,61";"18,39";"17,75";"16,57";"16,44";"17,80";"17,71";"18,49";"17,94";"17,27";"17,76";"19,51";"19,87";"20,32";"19,39";"18,72";"18,11";"16,92";"16,73";"16,95";"17,93";"17,41"
"Distrito Federal";"12,68";"12,52";"12,96";"13,57";"13,75";"11,35";"9,40";"9,09";"9,16";"8,95";"5,29";"5,37";"5,35";"5,77";"5,35";"6,49";"6,05";"10,08";"23,54";"15,66";"17,70";"23,22";"17,24";"20,80";"17,98";"18,60";"17,30";"15,50";"15,02";"17,17";"15,10";"15,75";"15,58";"7,94";"7,88";"7,51";"7,22";"10,96";"10,14";"11,51";"11,62";"11,22";"8,55";"3,74";"3,13";"3,01";"3,01";"3,01";"3,00"
"Fonte: IBGE - Produção Agrícola Municipal"

"Tabela 1613 - Área destinada à colheita, área colhida, quantidade produzida, rendimento médio e valor da produção das lavouras permanentes"
"Variável - Quantidade produzida (Toneladas)"
"Brasil, Grande Região e Unidade da Federação";"Ano x Produto das lavouras permanentes"
"Brasil, Grande Região e Unidade da Federação";"1974";"1975";"1976";"1977";"1978";"1979";"1980";"1981";"1982";"1983";"1984";"1985";"1986";"1987";"1988";"1989";"1990";"1991";"1992";"1993";"1994";"1995";"1996";"1997";"1998";"1999";"2000";"2001";"2002";"2003";"2004";"2005";"2006";"2007";"2008";"2009";"2010";"2011";"2012";"2013";"2014";"2015";"2016";"2017";"2018";"2019";"2020";"2021";"2022"
"Brasil, Grande Região e Unidade da Federação";"Laranja";"Laranja";"Laranja";"Laranja";"Laranja";"Laranja";"Laranja";"Laranja";"Laranja";"Laranja";"Laranja";"Laranja";"Laranja";"Laranja";"Laranja";"Laranja";"Laranja";"Laranja";"Laranja";"Laranja";"Laranja";"Laranja";"Laranja";"Laranja";"Laranja";"Laranja";"Laranja";"Laranja";"Laranja";"Laranja";"Laranja";"Laranja";"Laranja";"Laranja";"Laranja";"Laranja";"Laranja";"Laranja";"Laranja";"Laranja";"Laranja";"Laranja";"Laranja";"Laranja";"Laranja";"Laranja";"Laranja";"Laranja";"Laranja"
"Brasil";"29594708";"31565854";"35841350";"35823453";"39131682";"42220456";"54459072";"56966660";"57991021";"58568657";"64722620";"71071533";"66872215";"73568815";"75565192";"89016188";"87602607";"94681717";"98411455";"93985944";"87229840";"99186054";"105395214";"115234005";"104252518";"114466558";"106651289";"16983436";"18530582";"16917558";"18313717";"17853443";"18032313";"18684985";"18538084";"17618450";"18503139";"19811064";"18012560";"17549536";"16928457";"16953015";"16980379";"17492882";"16841549";"17090343";"16721556";"16217839";"16929631"
"Norte";"120293";"159001";"135802";"154670";"169051";"191635";"248830";"262804";"263361";"246461";"413769";"356138";"645005";"676386";"741885";"576032";"812059";"1078076";"1070822";"1288772";"1608702";"1746462";"1734065";"1691014";"1554610";"1625065";"1479504";"252317";"247276";"242369";"253956";"248113";"248412";"247006";"247976";"249657";"256582";"268839";"283931";"296491";"289264";"307910";"278892";"361346";"379296";"393717";"431982";"292668";"323906"
"Nordeste";"2041545";"2385874";"2524263";"2720928";"3732498";"3793092";"4623615";"4661362";"4880594";"4036036";"4683365";"5087690";"5332825";"5171872";"5490862";"6462677";"6628820";"7755320";"7399414";"7721381";"8155158";"7764432";"8048105";"9223744";"8577143";"6814324";"7034106";"1530322";"1690459";"1539823";"1612883";"1619851";"1746829";"1769582";"1967719";"1773128";"1877783";"1943062";"1939256";"1686670";"1722455";"1812153";"1451784";"1274259";"1154661";"1101679";"1136311";"1147656";"1149467"
"Sudeste";"24696620";"25781888";"30297502";"29835138";"32348052";"35241267";"46697558";"49296712";"50191296";"51625493";"57065841";"62982593";"58146450";"64951608";"66760931";"78885342";"76925594";"82698459";"86350658";"80829637";"73182736";"84864325";"92007179";"99310623";"88904603";"100647173";"92563035";"14250578";"15591270";"14144980";"15403866";"15038377";"15030348";"15565644";"15197515";"14468385";"15161852";"16200142";"14300680";"13989589";"13345087";"13357098";"13881678";"14407113";"13906684";"14330917";"14038508";"13567947";"14205261"
"Sul";"2448012";"2948651";"2640025";"2760232";"2583944";"2682917";"2582115";"2423446";"2398398";"2374069";"2269824";"2352386";"2307716";"2435247";"2219644";"2736005";"2840613";"2699161";"3059859";"3420605";"3619967";"4076441";"3086467";"4363575";"4533235";"4713161";"4799465";"795326";"861809";"846973";"905937";"813830";"875018";"975237";"983744";"991431";"1053206";"1257463";"1338379";"1424666";"1410244";"1302574";"1187305";"1265123";"1232347";"1085599";"934552";"1015400";"1045858"
"Centro-Oeste";"288238";"290440";"243758";"352485";"298137";"311545";"306954";"322336";"257372";"286598";"289821";"292726";"440219";"333702";"351870";"356132";"395521";"450701";"530702";"725549";"663277";"734394";"519398";"645049";"682927";"666835";"775179";"154893";"139768";"143413";"137075";"133272";"131706";"127516";"141130";"135849";"153716";"141558";"150314";"152120";"161407";"173280";"180720";"185041";"168561";"178431";"180203";"194168";"205139"
"Rondônia";"1609";"1250";"2184";"4742";"8951";"19701";"19925";"25062";"27570";"28965";"29902";"35922";"54059";"59019";"62568";"64095";"78880";"80408";"89541";"89449";"78139";"108462";"52939";"52290";"61725";"48194";"61758";"8285";"4362";"4616";"3975";"4421";"5866";"8462";"8424";"10589";"7696";"5643";"5586";"5874";"6406";"6527";"7655";"9006";"6850";"7752";"6596";"4857";"3801"
"Acre";"6210";"6340";"5460";"5190";"4232";"5228";"6822";"6393";"6359";"8104";"8561";"10392";"10525";"10652";"11591";"11802";"11959";"12033";"12349";"13928";"17261";"17447";"22894";"23665";"24815";"26448";"26582";"4655";"4879";"5817";"7059";"5558";"4434";"2937";"3551";"3724";"5402";"4778";"4674";"5162";"7968";"8686";"8813";"8511";"6997";"6723";"6707";"6545";"6699"
"Amazonas";"25698";"22782";"19571";"18261";"17127";"21454";"71427";"71683";"68948";"71874";"110055";"111825";"92832";"105616";"107410";"137495";"101525";"78380";"54768";"78392";"73886";"77586";"61817";"96361";"109373";"113409";"120609";"14975";"15095";"15034";"12792";"11810";"11873";"11702";"18227";"16278";"24429";"41917";"58135";"49856";"42865";"55837";"48851";"41565";"45775";"40421";"16263";"21059";"22027"
"Roraima";"1501";"2990";"2339";"2188";"1738";"1678";"2628";"900";"3300";"1680";"2576";"3724";"5184";"5496";"5498";"5196";"5168";"5848";"4080";"...";"10000";"15000";"7064";"8759";"3600";"11250";"11250";"3000";"2202";"2000";"2153";"2153";"2153";"2153";"2153";"2153";"2153";"2153";"2153";"21697";"21827";"24595";"13205";"8652";"9756";"9418";"10372";"22798";"22275"
"Pará";"81879";"121595";"104068";"122167";"135073";"141054";"144908";"154326";"153864";"133668";"259215";"192060";"480007";"492760";"550151";"341668";"599290";"889563";"899969";"1087854";"1411292";"1508139";"1553765";"1467678";"1315070";"1384992";"1215552";"210923";"210636";"205574";"218119";"213972";"213513";"210360";"204397";"203188";"200922";"201458";"197832";"197766";"197814";"201212";"191287";"286768";"304268";"324422";"387570";"233051";"264651"
"Amapá";"3396";"4044";"2180";"2122";"1930";"2520";"3120";"4440";"3320";"2170";"3460";"2215";"2398";"2843";"4667";"3336";"2867";"3170";"3745";"4416";"5505";"6485";"22600";"24657";"24000";"25575";"26750";"7868";"8070";"7363";"7810";"8300";"8720";"9400";"9623";"12163";"13558";"10775";"13600";"14150";"10670";"9250";"7290";"6520";"5156";"4230";"3931";"3558";"3620"
"Tocantins";"...";"...";"...";"...";"...";"...";"...";"...";"...";"...";"...";"...";"...";"...";"...";"12440";"12370";"8674";"6370";"14733";"12619";"13343";"12986";"17604";"16027";"15197";"17003";"2611";"2032";"1965";"2048";"1899";"1853";"1992";"1601";"1562";"2422";"2115";"1951";"1986";"1714";"1803";"1791";"324";"494";"751";"543";"800";"833"
"Maranhão";"165934";"347818";"389653";"396168";"411764";"422325";"426725";"422733";"439129";"421872";"365341";"293000";"294393";"288855";"289054";"286817";"267604";"259775";"227261";"226910";"222069";"206077";"65815";"60193";"63040";"61279";"55269";"9772";"8392";"8303";"8251";"8140";"7953";"8213";"7917";"7754";"8124";"6713";"6624";"6391";"6056";"5585";"4274";"3665";"3396";"1071";"528";"333";"366"
"Piauí";"82858";"111621";"118279";"142086";"124911";"142804";"150952";"156859";"136731";"83135";"126778";"142546";"174493";"148149";"178008";"178852";"174697";"192337";"131817";"122661";"125442";"128836";"35720";"46379";"44957";"45307";"44711";"6972";"7148";"6989";"6120";"5046";"5101";"4840";"4414";"4296";"4040";"4077";"3714";"3235";"3717";"3095";"2546";"1955";"1992";"1492";"1539";"1547";"1575"
"Ceará";"151912";"172940";"160148";"150000";"160000";"128919";"112500";"60000";"170000";"91030";"122792";"93600";"96614";"95221";"88906";"86379";"85019";"103078";"103921";"80350";"78215";"75136";"74439";"79707";"80338";"86785";"82522";"15105";"15073";"14529";"15937";"17036";"16370";"16859";"16494";"16127";"15952";"15963";"13847";"13556";"12684";"9915";"8474";"9480";"8266";"8847";"9626";"9537";"8460"
"Rio Grande do Norte";"22085";"26104";"26456";"32052";"32851";"33750";"34410";"31353";"23898";"19227";"23519";"35414";"26111";"24159";"21658";"21651";"25941";"24715";"24131";"21911";"22579";"21835";"19856";"19672";"19354";"19114";"19036";"3464";"4079";"3567";"3959";"4760";"3887";"3542";"2952";"3147";"2489";"2423";"2261";"2218";"2033";"2334";"1257";"1123";"929";"853";"1040";"993";"825"
"Paraíba";"184761";"205686";"144139";"157290";"221441";"228327";"255684";"212185";"163680";"136774";"158700";"128656";"126692";"112326";"117938";"117098";"122008";"123666";"125101";"79526";"58966";"57356";"49663";"45545";"29678";"29743";"34350";"6574";"6164";"5622";"5289";"5412";"5204";"5204";"5314";"6073";"5527";"7379";"4393";"6002";"5250";"5424";"3599";"3659";"4398";"4601";"4644";"4467";"5355"
"Pernambuco";"333719";"297432";"282917";"278640";"376564";"333255";"326352";"294760";"274133";"219670";"191545";"184133";"171893";"163458";"157603";"147474";"137102";"147017";"138234";"110765";"108989";"103128";"75752";"70700";"60948";"57805";"53264";"5284";"5638";"5192";"5090";"3972";"3982";"3628";"3035";"2572";"2846";"4057";"3471";"3161";"3487";"3116";"2688";"3245";"2933";"3514";"4982";"5054";"6477"
"Alagoas";"72323";"70935";"69207";"73092";"73039";"76698";"74351";"78168";"70202";"43680";"38939";"39420";"36436";"31173";"28403";"28492";"25716";"27531";"25452";"25867";"28232";"39887";"48600";"62540";"168941";"169562";"186353";"36503";"35583";"32938";"36065";"34408";"34620";"33151";"38627";"41812";"45030";"49219";"46165";"30850";"48834";"68680";"114507";"163793";"173764";"142324";"140088";"138990";"132369"
"Sergipe";"539325";"561858";"743514";"939600";"1639000";"1658174";"2396029";"2419682";"2594919";"2137608";"2656151";"2922921";"3116047";"3148414";"3366792";"3529789";"3674756";"4438114";"3791494";"4406903";"4166303";"3389915";"3723832";"4354938";"3802932";"2997953";"3181059";"581268";"685326";"690597";"737256";"738787";"753191";"764110";"772070";"784382";"805962";"822468";"821940";"626440";"614227";"552817";"489156";"421353";"354960";"364766";"378422";"392551";"418814"
"Bahia";"488628";"591480";"589950";"552000";"692928";"768840";"846612";"985622";"1007902";"883040";"999600";"1248000";"1290146";"1160117";"1242500";"2066125";"2115977";"2439087";"2832003";"2646488";"3344363";"3742262";"3954428";"4484070";"4306955";"3346776";"3377542";"865380";"923056";"772086";"794916";"802290";"916521";"930035";"1116896";"906965";"987813";"1030763";"1036841";"994817";"1026167";"1161187";"825283";"665986";"604023";"574211";"595442";"594184";"575226"
"Minas Gerais";"2244000";"1511335";"1630444";"1648633";"1617397";"1763143";"1842830";"2006993";"2042980";"1931679";"2045879";"1947380";"1978644";"2111463";"2328913";"2093002";"2020141";"2043072";"1839180";"2535252";"2627705";"3374718";"3162627";"3363712";"2779087";"2699621";"2563360";"575590";"698181";"666116";"591259";"577684";"572638";"583509";"583924";"749987";"816875";"824041";"864213";"894543";"940444";"987363";"961223";"979343";"948129";"989032";"997008";"980606";"1091402"
"Espírito Santo";"175000";"402500";"424005";"424005";"207000";"207000";"132750";"132729";"120211";"136221";"176591";"160295";"161067";"171389";"176425";"142309";"130780";"134490";"167910";"163709";"171641";"178193";"180277";"165003";"170715";"171323";"171646";"29343";"27274";"27779";"25380";"24849";"22471";"21178";"18497";"16841";"16208";"17563";"15771";"15889";"16984";"15369";"15768";"18518";"18625";"17305";"18410";"20173";"24182"
"Rio de Janeiro";"804666";"2693053";"2693053";"2662500";"2058655";"2625624";"2321978";"2324693";"2278108";"2332593";"2325345";"2204299";"2299673";"2033732";"2060593";"2510031";"2449673";"1498349";"1458603";"1380676";"1358390";"736414";"929570";"901908";"788051";"845229";"844713";"115753";"106748";"103995";"69437";"69814";"68228";"56336";"57484";"59392";"59386";"65032";"54713";"60279";"97092";"75113";"46284";"51545";"55742";"68334";"67970";"65309";"63683"
"Guanabara";"2222954";"...";"...";"...";"...";"...";"...";"...";"...";"...";"...";"...";"...";"...";"...";"...";"...";"...";"...";"...";"...";"...";"...";"...";"...";"...";"...";"...";"...";"...";"...";"...";"...";"...";"...";"...";"...";"...";"...";"...";"...";"...";"...";"...";"...";"...";"...";"...";"..."
"São Paulo";"19250000";"21175000";"25550000";"25100000";"28465000";"30645500";"42400000";"44832297";"45749997";"47225000";"52518026";"58670619";"53707066";"60635024";"62195000";"74140000";"72325000";"79022548";"82884965";"76750000";"69025000";"80575000";"87734705";"94880000";"85166750";"96931000";"88983316";"13529892";"14759067";"13347090";"14717790";"14366030";"14367011";"14904621";"14537610";"13642165";"14269383";"15293506";"13365983";"13018878";"12290567";"12279253";"12858403";"13357707";"12884188";"13256246";"12955120";"12501859";"13025994"
"Paraná";"483360";"559771";"565225";"480050";"388760";"446258";"373268";"342340";"377830";"338780";"352000";"376466";"370325";"351353";"340499";"375139";"418382";"421741";"495326";"510981";"713264";"926298";"1084417";"1360152";"1562275";"1803974";"1877652";"302306";"393668";"349202";"397939";"375309";"408116";"502979";"517400";"520000";"587740";"784543";"913214";"976503";"979682";"903195";"743530";"865954";"834839";"710244";"584354";"642134";"658147"
"Santa Catarina";"735450";"791980";"415800";"564557";"472684";"384409";"385832";"385546";"401714";"326011";"180314";"204564";"204842";"165000";"229837";"297553";"365940";"376518";"506412";"616818";"588606";"978990";"494992";"859395";"891474";"801624";"912864";"147297";"122099";"143071";"151600";"126776";"127137";"125118";"131078";"120781";"96031";"81228";"63092";"57625";"51102";"47880";"48152";"42633";"29783";"25794";"29251";"27401";"30452"
"Rio Grande do Sul";"1229202";"1596900";"1659000";"1715625";"1722500";"1852250";"1823015";"1695560";"1618854";"1709278";"1737510";"1771356";"1732549";"1918894";"1649308";"2063313";"2056291";"1900902";"2058121";"2292806";"2318097";"2171153";"1507058";"2144028";"2079486";"2107563";"2008949";"345723";"346042";"354700";"356398";"311745";"339765";"347140";"335266";"350650";"369435";"391692";"362073";"390538";"379460";"351499";"395623";"356536";"367725";"349561";"320947";"345865";"357259"
"Mato Grosso do Sul";"...";"...";"...";"...";"...";"45813";"39220";"44419";"19889";"26489";"30641";"31596";"167871";"59411";"57441";"57447";"51170";"51656";"54527";"44505";"39077";"43685";"39359";"63974";"35494";"40100";"50487";"9243";"6714";"4271";"5400";"3819";"4426";"4222";"4497";"4657";"10292";"11012";"9003";"15433";"12677";"14224";"15637";"22719";"24130";"24697";"20897";"22126";"36405"
"Mato Grosso";"124438";"124541";"77378";"188653";"113023";"67915";"57860";"59860";"59860";"61170";"61210";"62200";"57648";"57196";"63510";"70565";"72451";"75789";"85878";"104988";"100818";"105498";"65660";"62824";"73294";"73445";"86269";"14626";"5994";"10707";"7281";"5199";"4757";"5485";"4953";"4893";"3933";"3376";"3560";"4454";"5214";"5840";"5938";"6298";"4258";"3811";"4157";"4297";"4494"
"Goiás";"156960";"158400";"158400";"158400";"170000";"186750";"196664";"204800";"167373";"188439";"187470";"188430";"204200";"206095";"220120";"214620";"258900";"301362";"374693";"553856";"498856";"539856";"376725";"476034";"516758";"486307";"567016";"119954";"115813";"116969";"113057";"113040";"111270";"113600";"127466";"122288";"135485";"121866";"131919";"128975";"139628";"149202";"156225";"154590";"139163";"148913";"154139";"166735";"163230"
"Distrito Federal";"6840";"7499";"7980";"5432";"15114";"11067";"13210";"13257";"10250";"10500";"10500";"10500";"10500";"11000";"10799";"13500";"13000";"21894";"15604";"22200";"24526";"45355";"37654";"42217";"57381";"66983";"71407";"11070";"11247";"11466";"11337";"11214";"11253";"4209";"4214";"4011";"4006";"5304";"5832";"3258";"3888";"4014";"2920";"1434";"1010";"1010";"1010";"1010";"1010"
"Fonte: IBGE - Produção Agrícola Municipal"

"Tabela 1613 - Área destinada à colheita, área colhida, quantidade produzida, rendimento médio e valor da produção das lavouras permanentes"
"Variável - Rendimento médio da produção (Quilogramas por Hectare)"
"Brasil, Grande Região e Unidade da Federação";"Ano x Produto das lavouras permanentes"
"Brasil, Grande Região e Unidade da Federação";"1974";"1975";"1976";"1977";"1978";"1979";"1980";"1981";"1982";"1983";"1984";"1985";"1986";"1987";"1988";"1989";"1990";"1991";"1992";"1993";"1994";"1995";"1996";"1997";"1998";"1999";"2000";"2001";"2002";"2003";"2004";"2005";"2006";"2007";"2008";"2009";"2010";"2011";"2012";"2013";"2014";"2015";"2016";"2017";"2018";"2019";"2020";"2021";"2022"
"Brasil, Grande Região e Unidade da Federação";"Laranja";"Laranja";"Laranja";"Laranja";"Laranja";"Laranja";"Laranja";"Laranja";"Laranja";"Laranja";"Laranja";"Laranja";"Laranja";"Laranja";"Laranja";"Laranja";"Laranja";"Laranja";"Laranja";"Laranja";"Laranja";"Laranja";"Laranja";"Laranja";"Laranja";"Laranja";"Laranja";"Laranja";"Laranja";"Laranja";"Laranja";"Laranja";"Laranja";"Laranja";"Laranja";"Laranja";"Laranja";"Laranja";"Laranja";"Laranja";"Laranja";"Laranja";"Laranja";"Laranja";"Laranja";"Laranja";"Laranja";"Laranja";"Laranja"
"Brasil";"84655";"78290";"86637";"84949";"86098";"88895";"94670";"99030";"98295";"93805";"102389";"107187";"94476";"101396";"93789";"100853";"95950";"96279";"99535";"117408";"97139";"115814";"109288";"116926";"102351";"111448";"124531";"20593";"22357";"20235";"22246";"22159";"22375";"22752";"22158";"22379";"23340";"24240";"24689";"24992";"24883";"24975";"26441";"27638";"28577";"28978";"29205";"28051";"29799"
"Norte";"74577";"87411";"87558";"97830";"102829";"98073";"96671";"96655";"93890";"87646";"114112";"94366";"133238";"116418";"120124";"84873";"91861";"105610";"102864";"81988";"89312";"88347";"83312";"85035";"79175";"82032";"78492";"13856";"13750";"13861";"13863";"13550";"13392";"13711";"13558";"13641";"15125";"15809";"16039";"15997";"16013";"15550";"14130";"15282";"19629";"20164";"21215";"16037";"16725"
"Nordeste";"81081";"79487";"75550";"77984";"94210";"82674";"94202";"96737";"97499";"78156";"86209";"91194";"93982";"90016";"92850";"90815";"89834";"97158";"87506";"89814";"89725";"80187";"76104";"87860";"74876";"61565";"63300";"13984";"15246";"14172";"14062";"14122";"14855";"14905";"15431";"14979";"14960";"15004";"14790";"13499";"13944";"13612";"12940";"12443";"11924";"11407";"12189";"12236";"12347"
"Sudeste";"85746";"77532";"88253";"85818";"85791";"90147";"95304";"99651";"98945";"95602";"105013";"110150";"94999";"103177";"94408";"102635";"97072";"96817";"101387";"123797";"98988";"123534";"116658";"123458";"107751";"120677";"139414";"22406";"24342";"21745";"24347";"24436";"24579";"24993";"24129";"24576";"25813";"26867";"27911";"28489";"28179";"28803";"30894";"32129";"33222";"34090";"34452";"32725";"35259"
"Sul";"79831";"85066";"82449";"84246";"80364";"83127";"86660";"94540";"91152";"90627";"84433";"84688";"81779";"87132";"78949";"88561";"88283";"82956";"88807";"91116";"87464";"93145";"75089";"91702";"89126";"87943";"89896";"15320";"16639";"16417";"17996";"16130";"17277";"17991";"18476";"18278";"19180";"20933";"22323";"23882";"24934";"24422";"22744";"25270";"26486";"24206";"21714";"23637";"23900"
"Centro-Oeste";"70097";"69767";"71420";"73206";"73979";"79740";"80544";"80303";"73013";"77146";"74850";"74428";"74036";"69104";"68886";"68672";"68990";"67510";"69875";"86798";"79074";"80782";"64770";"74443";"80905";"74340";"84979";"16924";"18142";"18278";"19048";"19578";"17304";"16934";"18243";"17827";"19185";"18275";"17818";"18987";"18794";"19686";"20663";"22008";"20971";"21171";"21291";"22712";"22733"
"Rondônia";"45971";"48077";"39000";"63227";"61731";"55810";"56445";"54840";"53743";"52664";"53301";"49343";"48052";"47983";"51118";"51399";"62603";"67230";"69357";"71501";"64153";"66418";"49383";"51721";"70062";"63081";"68392";"9701";"7666";"7757";"7060";"6708";"6658";"9978";"9981";"13353";"13645";"11516";"10660";"10489";"10266";"9501";"12529";"14387";"15324";"14766";"12833";"12390";"10218"
"Acre";"66064";"64040";"89508";"83710";"78370";"75768";"83195";"74337";"69879";"87140";"90116";"100893";"105250";"101448";"106339";"104442";"101347";"101117";"102908";"104721";"110647";"106384";"44890";"40661";"45953";"46318";"45989";"8387";"8712";"9926";"12066";"12242";"11761";"12714";"13450";"14000";"14031";"14435";"14516";"14299";"14409";"14873";"15221";"14802";"14577";"14521";"14424";"14353";"14284"
"Amazonas";"51191";"46211";"74414";"105555";"111214";"110588";"100601";"101390";"97110";"99964";"88540";"89675";"79548";"81620";"81805";"89807";"73997";"56755";"34751";"38731";"33311";"32750";"22929";"38714";"40329";"40416";"41503";"5359";"5424";"5421";"4854";"4156";"4109";"4219";"5402";"4813";"11362";"15770";"19443";"18806";"18202";"15899";"17341";"13552";"16537";"17348";"17696";"18989";"17865"
"Roraima";"30020";"33977";"59974";"45583";"36208";"33560";"45310";"50000";"55000";"28000";"28000";"28000";"14281";"14275";"14281";"14236";"13600";"13600";"13600";"...";"25000";"25000";"14071";"21897";"7200";"37500";"37500";"10000";"7464";"10000";"9698";"9698";"9698";"9698";"9698";"9698";"9698";"9698";"9698";"15598";"15568";"13521";"11315";"7623";"7780";"7601";"8433";"15799";"15523"
"Pará";"96102";"118861";"96359";"104416";"113890";"115146";"112071";"115169";"114824";"100351";"166163";"127276";"236690";"180037";"178911";"103067";"108981";"130015";"130885";"90121";"102475";"102455";"101182";"99221";"91776";"94403";"90591";"16602";"16471";"16612";"16349";"16342";"16316";"16489";"16648";"16650";"16531";"16710";"16565";"16688";"16709";"16835";"14206";"16560";"22327";"22743";"23380";"16412";"17415"
"Amapá";"42450";"44933";"41923";"40038";"33860";"40000";"40000";"40000";"36484";"37414";"46133";"41019";"41345";"48186";"66671";"50545";"43439";"43424";"49276";"46000";"46260";"44724";"68484";"63385";"60000";"55840";"54040";"10325";"10280";"9624";"10012";"9707";"9582";"9400";"8346";"9502";"10510";"9885";"8718";"9071";"9120";"8259";"7500";"7326";"7387";"6609";"6465";"6072";"6136"
"Tocantins";"...";"...";"...";"...";"...";"...";"...";"...";"...";"...";"...";"...";"...";"...";"...";"82933";"85310";"51940";"37251";"102312";"97821";"97394";"37316";"78941";"58706";"63320";"68285";"10879";"10009";"10287";"10666";"10209";"10070";"10885";"10329";"10077";"12232";"13386";"13739";"12413";"14165";"14197";"14102";"9257";"10292";"11734";"11082";"12500";"11900"
"Maranhão";"114437";"117785";"117224";"114765";"115892";"116311";"115863";"113821";"118332";"117382";"115032";"109902";"109930";"107501";"104503";"105797";"100151";"98325";"93407";"94036";"94216";"91834";"44082";"34220";"36715";"37779";"38676";"6629";"5926";"6051";"6058";"5924";"6155";"6231";"6542";"6754";"6826";"6193";"6345";"6347";"6186";"6124";"5722";"6108";"6301";"5052";"4889";"4826";"4816"
"Piauí";"90853";"101751";"107820";"119300";"105410";"108845";"103747";"109845";"102574";"64147";"115779";"117033";"132998";"108693";"125270";"125422";"123286";"122820";"83693";"104928";"112101";"116383";"52145";"72241";"54361";"56351";"55679";"9550";"10374";"10852";"10551";"9779";"10061";"9918";"10100";"10132";"9758";"9730";"9450";"9164";"10019";"9888";"8840";"9178";"9623";"8881";"8896";"8691";"8654"
"Ceará";"85584";"112738";"99905";"100000";"100000";"78133";"75000";"50000";"100000";"47044";"62110";"52000";"61892";"54537";"57544";"56494";"57059";"67769";"70790";"61712";"65124";"59869";"46875";"46858";"51998";"51200";"52196";"9446";"9643";"9248";"9612";"10164";"9528";"9779";"9323";"9199";"8946";"8629";"7365";"6899";"7090";"6252";"5623";"6176";"7132";"7970";"8703";"8718";"8887"
"Rio Grande do Norte";"54531";"57120";"58661";"65815";"63297";"61927";"62564";"57109";"42751";"35474";"43797";"66945";"58024";"57521";"53876";"52936";"50964";"49135";"48262";"43131";"43928";"42480";"44923";"45327";"44491";"44041";"43861";"9675";"11755";"9386";"10203";"11333";"11500";"12047";"10734";"12844";"11161";"12115";"10665";"12054";"11486";"12031";"9523";"9437";"9577";"10531";"10000";"9930";"9167"
"Paraíba";"118134";"113451";"65787";"83046";"112750";"101750";"107250";"117359";"95552";"78246";"84730";"77926";"74393";"65230";"73942";"74775";"74214";"75544";"76095";"50428";"53899";"53653";"36869";"41068";"32015";"34909";"37955";"8166";"8207";"7301";"6815";"6833";"6165";"6165";"6164";"5989";"5488";"7454";"4629";"7197";"7075";"7194";"5020";"6244";"6310";"6508";"6327";"6170";"7102"
"Pernambuco";"75845";"64800";"64800";"64800";"71184";"65000";"67990";"63118";"64290";"59531";"60769";"62439";"59479";"55883";"57603";"57630";"56074";"59066";"56238";"48967";"54412";"52111";"37612";"41661";"39069";"38691";"37247";"4647";"5554";"5801";"6037";"5841";"6033";"5455";"4879";"4504";"4312";"5021";"4634";"5216";"4953";"5438";"5441";"5604";"5651";"6048";"9312";"8945";"9581"
"Alagoas";"78356";"78122";"73313";"71870";"72388";"76621";"74277";"75234";"80139";"62579";"58555";"59367";"59536";"53839";"53090";"54167";"47012";"47549";"45612";"47637";"42840";"49426";"50730";"51262";"49923";"49176";"49548";"8795";"9031";"9004";"9002";"8721";"8851";"8495";"8778";"9370";"10335";"11420";"10511";"6740";"10648";"13231";"15637";"14898";"14669";"11570";"12177";"11891";"11843"
"Sergipe";"79900";"66500";"68300";"72000";"110007";"80729";"103024";"106140";"106145";"83250";"97829";"103236";"107461";"106864";"109893";"108522";"106905";"124880";"102489";"114319";"106296";"84135";"78807";"103026";"75342";"58707";"61507";"11688";"13591";"13526";"13414";"13506";"13739";"13824";"14439";"14799";"14725";"14546";"14581";"11996";"11839";"11607";"11277";"11087";"11533";"11998";"12519";"12995";"13816"
"Bahia";"69804";"72000";"69000";"69000";"72180";"78214";"81000";"89757";"87988";"70864";"68000";"78000";"78002";"70093";"71000";"74025";"73750";"73147";"76689";"70297";"78234";"78680";"79132";"82808";"80233";"67927";"68842";"17500";"18195";"15984";"15859";"15856";"17131";"17155";"17325";"16266";"16154";"16283";"15920";"15741";"16472";"15283";"14325";"13379";"11845";"11255";"12219";"12085";"11770"
"Minas Gerais";"70125";"72944";"76143";"74720";"72318";"69222";"71004";"73301";"70174";"64987";"65710";"61319";"61517";"66240";"72742";"63557";"60425";"60420";"49558";"66472";"63425";"66793";"60550";"64752";"62614";"62308";"63210";"13137";"16016";"16325";"15978";"17274";"17511";"18059";"18856";"24550";"24684";"24998";"23626";"22689";"21901";"22428";"23045";"24777";"25952";"27008";"26042";"25241";"28023"
"Espírito Santo";"50000";"115000";"115000";"115000";"115000";"115000";"88500";"88486";"75891";"81181";"83455";"82372";"81718";"80882";"80818";"68715";"65718";"65765";"73036";"67676";"70402";"66788";"72633";"67596";"63581";"63926";"65563";"10728";"9910";"10936";"11225";"11445";"11085";"10827";"10276";"10120";"10429";"11011";"12617";"12762";"13697";"12797";"12809";"13830";"13796";"12781";"12811";"13142";"13309"
"Rio de Janeiro";"62334";"75074";"75074";"75000";"77533";"80826";"66187";"66886";"63775";"64169";"64692";"64024";"63733";"62434";"63195";"71674";"71657";"51708";"50996";"49789";"50351";"56629";"65292";"68089";"69260";"74640";"74799";"14550";"14609";"14709";"12694";"13227";"12995";"12765";"12805";"12905";"12901";"14601";"12262";"13892";"17914";"12783";"12303";"11784";"12591";"13078";"13446";"13141";"13576"
"Guanabara";"83529";"...";"...";"...";"...";"...";"...";"...";"...";"...";"...";"...";"...";"...";"...";"...";"...";"...";"...";"...";"...";"...";"...";"...";"...";"...";"...";"...";"...";"...";"...";"...";"...";"...";"...";"...";"...";"...";"...";"...";"...";"...";"...";"...";"...";"...";"...";"...";"..."
"São Paulo";"90376";"77724";"90497";"87638";"87225";"92535";"99193";"104005";"103777";"100000";"110746";"116489";"99117";"107710";"97127";"106130";"100055";"100113";"105764";"131280";"103259";"129798";"121898";"128778";"111090";"124800";"145999";"23267";"25150";"22242";"25033";"25005";"25137";"25517";"24533";"24718";"26034";"27118";"28433";"29187";"28988";"29758";"31936";"33131";"34240";"35145";"35719";"33858";"36443"
"Paraná";"96000";"87355";"107867";"92997";"83264";"86100";"85809";"87399";"89960";"83753";"82474";"82977";"83407";"81843";"82068";"92331";"98188";"96046";"93053";"93757";"97895";"105935";"114498";"135784";"136193";"135504";"136516";"22046";"25248";"23403";"28105";"24932";"26816";"26243";"26000";"26000";"27835";"28904";"32479";"33935";"36123";"35845";"30089";"36699";"37094";"33588";"29207";"32270";"31445"
"Santa Catarina";"119976";"132327";"110000";"110654";"128307";"153151";"153412";"165541";"160621";"137152";"73090";"74117";"74407";"75000";"108927";"151890";"141235";"114200";"142611";"148273";"112243";"129290";"53454";"81289";"75452";"66200";"74319";"12998";"13211";"14827";"16874";"15494";"15992";"15610";"17349";"17064";"15920";"15405";"15486";"15101";"15030";"14737";"15548";"15565";"17845";"17242";"16610";"15631";"17602"
"Rio Grande do Sul";"63036";"71706";"72130";"76250";"72374";"75350";"79500";"87454";"82548";"86441";"86237";"86492";"82400";"89434";"75462";"82957";"81199";"76498";"80455";"82088";"80327";"79100";"67360";"79423";"75406";"74813";"73447";"12866";"12835";"13127";"13104";"11454";"12365";"12846";"13000";"12909";"13306";"14164";"13042";"14431";"14573";"14122";"16217";"15025";"16451";"15741";"15088";"16233";"16932"
"Mato Grosso do Sul";"...";"...";"...";"...";"...";"80799";"78597";"80179";"53322";"68095";"67048";"67369";"70210";"53475";"51983";"54764";"53469";"53474";"53301";"61217";"60584";"68903";"68689";"72205";"66843";"65953";"80521";"14374";"12911";"11036";"16167";"14144";"13874";"12793";"20440";"19733";"19754";"21218";"22230";"22729";"18240";"19978";"19449";"21930";"28455";"24525";"20308";"19897";"24816"
"Mato Grosso";"71434";"70362";"76764";"85557";"82740";"101974";"99931";"84668";"84668";"87511";"87070";"88352";"86689";"83742";"80392";"76952";"78240";"79777";"76951";"79176";"71299";"72160";"59313";"60407";"60926";"59906";"64236";"10590";"9264";"10255";"10371";"11085";"9931";"10548";"10006";"9766";"8332";"8590";"8725";"9034";"10407";"10174";"10238";"10241";"9236";"8701";"8733";"8860";"9304"
"Goiás";"72000";"72000";"72000";"66000";"68000";"75000";"77153";"80000";"74720";"77964";"74928";"73894";"76194";"73213";"73373";"72753";"72116";"69840";"78766";"98463";"88811";"87895";"66243";"79233";"85175";"74678";"85794";"18057";"19123";"19556";"19675";"19978";"17377";"17482";"18635";"18205";"19770";"18428";"17875";"19551";"19531";"20515";"21668";"23128";"20836";"21479";"22310";"24157";"23239"
"Distrito Federal";"36000";"38855";"38927";"25867";"92159";"60147";"71793";"68689";"50000";"50000";"50000";"50000";"50000";"50000";"50700";"50000";"50000";"49200";"22323";"32599";"34446";"53171";"57751";"57752";"89657";"107344";"131504";"22824";"23382";"26419";"27384";"27351";"27446";"23126";"23281";"24162";"24132";"24000";"24000";"13407";"16000";"16519";"19211";"19644";"20200";"20200";"20200";"20200";"20200"
"Fonte: IBGE - Produção Agrícola Municipal"

"Tabela 1613 - Área destinada à colheita, área colhida, quantidade produzida, rendimento médio e valor da produção das lavouras permanentes"
"Variável - Valor da produção - percentual do total geral"
"Brasil, Grande Região e Unidade da Federação";"Ano x Produto das lavouras permanentes"
"Brasil, Grande Região e Unidade da Federação";"1974";"1975";"1976";"1977";"1978";"1979";"1980";"1981";"1982";"1983";"1984";"1985";"1986";"1987";"1988";"1989";"1990";"1991";"1992";"1993";"1994";"1995";"1996";"1997";"1998";"1999";"2000";"2001";"2002";"2003";"2004";"2005";"2006";"2007";"2008";"2009";"2010";"2011";"2012";"2013";"2014";"2015";"2016";"2017";"2018";"2019";"2020";"2021";"2022"
"Brasil, Grande Região e Unidade da Federação";"Laranja";"Laranja";"Laranja";"Laranja";"Laranja";"Laranja";"Laranja";"Laranja";"Laranja";"Laranja";"Laranja";"Laranja";"Laranja";"Laranja";"Laranja";"Laranja";"Laranja";"Laranja";"Laranja";"Laranja";"Laranja";"Laranja";"Laranja";"Laranja";"Laranja";"Laranja";"Laranja";"Laranja";"Laranja";"Laranja";"Laranja";"Laranja";"Laranja";"Laranja";"Laranja";"Laranja";"Laranja";"Laranja";"Laranja";"Laranja";"Laranja";"Laranja";"Laranja";"Laranja";"Laranja";"Laranja";"Laranja";"Laranja";"Laranja"
"Brasil";"14,02";"11,52";"16,29";"12,61";"11,13";"12,01";"15,78";"15,97";"19,85";"13,44";"19,60";"15,40";"13,26";"18,90";"36,63";"44,98";"25,70";"29,85";"31,24";"34,71";"28,31";"16,98";"15,62";"13,37";"15,75";"13,96";"11,93";"21,89";"23,61";"24,37";"20,28";"19,71";"20,54";"20,67";"18,06";"17,58";"18,75";"16,61";"12,03";"13,10";"13,06";"11,82";"14,32";"15,25";"15,60";"16,23";"14,27";"13,70";"12,37"
"Norte";"7,74";"8,16";"7,59";"4,11";"3,88";"3,88";"5,70";"7,42";"5,72";"3,77";"6,43";"2,79";"6,99";"7,91";"10,60";"8,25";"11,83";"8,10";"8,10";"9,33";"8,20";"7,12";"9,34";"7,61";"7,66";"5,70";"12,05";"5,67";"3,23";"3,41";"3,04";"4,30";"7,44";"3,44";"3,43";"4,91";"5,56";"6,53";"8,14";"8,23";"6,99";"3,77";"4,58";"3,68";"3,12";"3,48";"2,67";"1,77";"1,87"
"Nordeste";"4,65";"5,15";"4,33";"3,85";"4,67";"5,39";"6,34";"7,18";"8,06";"6,99";"7,41";"8,14";"5,48";"6,92";"6,83";"11,32";"17,38";"10,66";"14,19";"17,79";"14,97";"11,91";"13,56";"10,51";"12,10";"7,56";"7,15";"6,92";"7,28";"7,19";"5,43";"7,54";"7,45";"6,49";"6,11";"8,27";"7,70";"6,55";"7,08";"6,76";"6,33";"6,04";"5,94";"5,67";"6,31";"5,40";"5,32";"4,99";"5,05"
"Sudeste";"23,59";"21,41";"25,49";"17,61";"16,84";"16,23";"23,61";"22,64";"28,66";"19,34";"29,75";"20,66";"19,20";"29,90";"51,22";"60,43";"34,04";"44,33";"42,83";"44,83";"38,08";"22,64";"18,97";"16,24";"19,69";"20,04";"14,74";"31,68";"35,36";"38,22";"29,53";"28,25";"29,02";"30,83";"26,09";"25,59";"25,95";"21,90";"14,19";"16,80";"16,99";"17,17";"19,39";"22,15";"21,32";"23,91";"20,37";"19,57";"16,48"
"Sul";"5,97";"4,78";"28,38";"13,23";"7,23";"12,49";"10,12";"5,30";"13,86";"5,56";"5,94";"6,15";"6,61";"3,93";"9,00";"9,58";"11,61";"9,74";"9,76";"13,25";"9,48";"11,25";"8,85";"8,66";"9,38";"7,00";"8,70";"12,34";"11,86";"11,69";"9,20";"8,87";"8,09";"8,79";"8,85";"9,68";"10,80";"11,27";"11,27";"11,68";"10,16";"10,23";"10,34";"12,31";"13,38";"12,63";"11,18";"11,53";"10,92"
"Centro-Oeste";"19,17";"19,29";"14,39";"10,06";"6,32";"5,48";"5,34";"6,67";"5,69";"5,38";"7,87";"5,12";"6,01";"6,60";"12,63";"21,53";"10,63";"26,43";"37,09";"46,84";"14,11";"18,14";"13,15";"15,10";"10,65";"8,92";"11,48";"11,90";"12,40";"13,25";"11,82";"11,55";"11,65";"10,66";"11,34";"10,45";"10,19";"8,68";"7,58";"8,30";"9,58";"10,06";"11,73";"11,64";"14,06";"13,63";"11,99";"12,30";"13,27"
"Rondônia";"9,57";"1,86";"1,03";"1,79";"2,61";"2,64";"1,16";"1,61";"1,49";"1,49";"2,44";"0,97";"2,15";"7,67";"6,42";"6,18";"3,81";"5,45";"3,40";"2,89";"1,23";"1,87";"1,93";"1,81";"1,32";"0,60";"0,81";"1,34";"0,59";"0,30";"0,39";"0,40";"0,73";"0,86";"0,68";"0,83";"0,52";"0,47";"0,91";"1,10";"1,34";"1,76";"1,58";"0,70";"0,93";"1,41";"1,09";"0,58";"0,29"
"Acre";"12,78";"8,64";"5,97";"7,73";"6,04";"8,62";"7,17";"4,06";"4,09";"5,37";"5,30";"4,54";"11,48";"11,71";"16,64";"12,77";"5,09";"4,16";"3,19";"4,07";"9,23";"6,64";"11,99";"12,76";"11,96";"10,28";"6,74";"6,98";"7,47";"7,06";"9,70";"9,07";"7,86";"3,62";"5,74";"9,15";"9,60";"6,32";"6,49";"6,03";"7,29";"7,60";"6,96";"7,50";"6,72";"6,27";"5,88";"4,64";"4,44"
"Amazonas";"19,91";"13,64";"21,06";"12,50";"8,65";"9,75";"35,16";"16,95";"19,00";"17,66";"32,01";"24,90";"25,14";"34,32";"54,34";"38,90";"46,64";"45,22";"25,73";"25,69";"33,52";"28,77";"9,36";"11,15";"13,82";"11,60";"11,86";"2,18";"0,69";"1,07";"1,93";"1,71";"1,42";"2,35";"6,96";"4,11";"15,65";"24,12";"35,42";"24,99";"27,17";"28,12";"25,43";"17,63";"15,37";"15,97";"6,60";"10,14";"7,72"
"Roraima";"19,96";"53,00";"72,52";"20,71";"26,58";"21,84";"33,93";"7,97";"21,65";"11,77";"14,73";"30,26";"14,99";"6,92";"7,48";"24,59";"..";"19,05";"10,24";"...";"18,24";"38,46";"7,27";"11,78";"19,73";"10,20";"10,20";"10,39";"8,70";"5,76";"6,33";"4,78";"4,67";"4,69";"4,23";"3,42";"3,42";"3,26";"2,57";"14,75";"14,93";"13,15";"10,32";"7,25";"11,20";"10,36";"10,23";"19,76";"15,78"
"Pará";"5,80";"7,12";"7,15";"3,79";"3,64";"3,64";"4,76";"7,75";"5,86";"4,50";"4,71";"3,04";"7,61";"6,26";"8,21";"6,47";"11,65";"8,01";"9,50";"13,46";"11,36";"10,34";"10,99";"8,58";"8,71";"7,51";"18,87";"6,93";"4,24";"5,99";"4,16";"6,12";"9,99";"3,63";"3,35";"5,38";"4,87";"4,45";"5,09";"5,67";"4,83";"2,18";"2,90";"2,91";"2,17";"2,61";"2,45";"1,18";"1,58"
"Amapá";"20,23";"30,40";"24,96";"24,54";"18,23";"31,11";"36,70";"25,62";"23,05";"16,20";"17,98";"14,67";"17,13";"52,20";"15,41";"2,32";"2,58";"3,50";"3,57";"4,21";"49,24";"39,27";"22,23";"10,90";"13,96";"51,19";"52,98";"19,87";"23,35";"21,94";"29,45";"55,51";"59,85";"57,91";"59,15";"59,90";"58,67";"36,56";"38,11";"42,89";"30,52";"30,09";"25,64";"22,50";"22,94";"16,58";"14,89";"13,11";"12,51"
"Tocantins";"...";"...";"...";"...";"...";"...";"...";"...";"...";"...";"...";"...";"...";"...";"...";"1,91";"3,93";"2,26";"5,90";"7,75";"5,66";"5,61";"7,36";"8,06";"6,59";"6,57";"7,94";"3,66";"2,11";"2,93";"2,83";"2,43";"2,35";"2,46";"2,02";"2,03";"3,52";"2,52";"2,55";"2,34";"2,84";"2,35";"1,67";"0,42";"0,37";"0,90";"1,38";"1,25";"1,13"
"Maranhão";"17,17";"27,06";"23,12";"30,83";"28,78";"28,94";"28,45";"26,81";"28,37";"31,82";"31,40";"30,97";"30,74";"29,89";"42,81";"38,50";"28,46";"40,81";"31,47";"23,54";"28,72";"25,76";"11,86";"10,47";"9,21";"10,28";"8,75";"1,22";"1,69";"2,24";"3,50";"4,07";"4,18";"3,82";"4,32";"4,64";"4,00";"3,76";"3,61";"3,78";"3,63";"3,86";"3,81";"2,71";"2,82";"0,90";"0,41";"0,20";"0,21"
"Piauí";"8,66";"10,88";"11,06";"13,71";"10,48";"10,35";"10,78";"11,39";"12,91";"16,24";"9,54";"5,19";"4,21";"5,29";"11,16";"13,45";"12,14";"11,53";"13,41";"9,15";"13,95";"14,68";"8,87";"12,55";"13,07";"5,64";"5,63";"6,31";"6,59";"4,69";"3,03";"3,76";"2,88";"3,88";"2,27";"2,55";"3,57";"2,01";"3,84";"2,60";"3,35";"2,34";"1,84";"1,28";"1,62";"1,27";"1,16";"1,29";"1,32"
"Ceará";"2,50";"3,33";"1,75";"2,40";"1,85";"1,82";"1,67";"1,17";"2,46";"2,60";"1,75";"2,27";"3,19";"1,98";"2,00";"4,83";"2,73";"2,49";"2,77";"3,02";"2,17";"3,31";"2,68";"2,60";"2,64";"1,33";"1,69";"1,97";"2,07";"1,83";"1,68";"2,09";"1,38";"1,76";"1,15";"1,16";"1,32";"0,99";"0,99";"0,83";"0,76";"0,69";"0,59";"0,58";"0,65";"0,59";"0,66";"0,68";"0,48"
"Rio Grande do Norte";"0,86";"1,00";"0,86";"1,32";"0,99";"1,92";"1,52";"1,77";"1,36";"1,72";"1,05";"1,89";"2,69";"3,15";"1,61";"2,94";"2,08";"1,57";"2,80";"3,73";"3,44";"3,47";"2,93";"2,53";"2,86";"1,29";"1,27";"0,31";"0,86";"0,51";"0,51";"0,63";"0,63";"0,48";"0,47";"0,45";"0,47";"0,41";"0,70";"0,59";"0,42";"0,45";"0,20";"0,14";"0,13";"0,14";"0,19";"0,18";"0,18"
"Paraíba";"4,67";"4,90";"2,95";"3,61";"4,41";"3,95";"4,71";"4,23";"4,11";"5,27";"4,33";"4,04";"3,30";"3,73";"6,86";"3,83";"6,48";"4,69";"7,14";"6,45";"1,72";"1,74";"3,32";"2,21";"1,77";"1,26";"1,34";"1,17";"1,05";"0,91";"0,97";"0,96";"0,89";"0,86";"0,94";"1,03";"1,09";"1,46";"1,36";"1,89";"1,45";"1,57";"1,03";"0,80";"1,28";"1,57";"1,47";"1,25";"1,25"
"Pernambuco";"8,36";"11,07";"6,23";"6,77";"8,07";"7,32";"8,54";"7,72";"7,80";"6,42";"5,14";"4,44";"3,79";"4,04";"6,14";"5,16";"2,64";"2,48";"3,97";"2,40";"2,53";"2,10";"1,83";"1,44";"1,33";"0,90";"0,85";"0,22";"0,23";"0,18";"0,14";"0,13";"0,13";"0,14";"0,17";"0,15";"0,14";"0,17";"0,14";"0,10";"0,16";"0,14";"0,11";"0,15";"0,09";"0,13";"0,22";"0,19";"0,26"
"Alagoas";"7,11";"5,88";"4,91";"3,29";"3,88";"4,86";"5,11";"4,91";"5,73";"4,52";"3,37";"4,28";"7,15";"6,59";"7,07";"11,15";"4,58";"9,23";"9,63";"7,32";"4,18";"6,16";"5,06";"6,37";"16,87";"16,29";"19,48";"16,70";"48,61";"13,29";"14,51";"19,95";"16,20";"17,11";"12,46";"12,54";"16,49";"19,07";"28,10";"8,98";"15,08";"21,33";"28,43";"24,45";"30,71";"25,38";"24,31";"24,31";"28,68"
"Sergipe";"41,38";"33,70";"40,63";"46,23";"61,17";"71,64";"64,56";"65,69";"65,11";"63,25";"77,04";"72,08";"60,42";"71,38";"57,00";"37,02";"59,28";"55,58";"68,31";"83,63";"47,00";"51,82";"59,78";"45,86";"63,54";"39,78";"43,76";"51,85";"50,53";"54,68";"33,67";"52,69";"56,64";"48,08";"34,07";"51,35";"53,72";"43,90";"39,41";"44,52";"42,91";"42,51";"45,95";"43,54";"54,23";"47,07";"49,34";"49,63";"49,46"
"Bahia";"3,05";"3,48";"3,09";"1,73";"2,19";"2,17";"3,46";"4,19";"4,29";"3,64";"3,55";"3,58";"2,87";"3,49";"2,62";"10,69";"19,47";"7,64";"11,13";"5,88";"16,17";"10,43";"11,60";"9,88";"8,98";"6,47";"6,19";"6,36";"5,01";"5,45";"5,33";"6,64";"5,71";"5,39";"6,29";"6,13";"6,57";"6,51";"7,51";"7,25";"5,97";"5,63";"5,03";"5,63";"5,80";"5,44";"4,64";"3,91";"4,31"
"Minas Gerais";"11,11";"13,44";"6,69";"4,03";"5,60";"3,47";"8,12";"3,24";"7,54";"3,20";"7,01";"2,38";"3,99";"4,26";"5,22";"10,71";"7,02";"5,03";"4,97";"5,01";"3,83";"6,14";"7,48";"6,35";"5,01";"5,68";"5,31";"7,62";"6,90";"7,95";"4,37";"5,98";"3,74";"5,37";"3,80";"6,56";"5,50";"3,79";"2,88";"4,91";"3,62";"3,81";"3,01";"3,90";"3,16";"4,90";"3,75";"3,98";"3,07"
"Espírito Santo";"2,22";"7,81";"2,90";"3,81";"1,63";"1,70";"0,96";"1,49";"0,89";"0,57";"1,68";"1,01";"0,67";"2,32";"1,50";"1,20";"1,76";"1,85";"2,22";"2,07";"1,33";"1,27";"1,27";"1,05";"0,93";"0,94";"0,67";"1,22";"0,98";"0,81";"0,53";"0,47";"0,41";"0,35";"0,30";"0,32";"0,41";"0,32";"0,27";"0,39";"0,35";"0,29";"0,36";"0,40";"0,36";"0,38";"0,39";"0,36";"0,28"
"Rio de Janeiro";"39,33";"56,66";"52,36";"50,81";"50,77";"49,17";"35,65";"47,65";"30,02";"40,08";"40,86";"42,48";"33,07";"43,29";"42,76";"71,73";"42,86";"27,28";"36,59";"31,09";"38,78";"25,30";"19,03";"24,91";"25,94";"29,20";"29,48";"3,63";"27,11";"23,19";"15,10";"14,89";"13,92";"12,53";"13,23";"13,25";"14,11";"12,01";"12,18";"11,82";"15,42";"15,21";"9,72";"11,30";"13,29";"18,87";"16,52";"18,19";"13,27"
"Guanabara";"77,98";"...";"...";"...";"...";"...";"...";"...";"...";"...";"...";"...";"...";"...";"...";"...";"...";"...";"...";"...";"...";"...";"...";"...";"...";"...";"...";"...";"...";"...";"...";"...";"...";"...";"...";"...";"...";"...";"...";"...";"...";"...";"...";"...";"...";"...";"...";"...";"..."
"São Paulo";"25,68";"21,55";"40,86";"22,90";"21,99";"23,74";"31,99";"34,98";"42,01";"35,72";"42,90";"36,47";"41,99";"46,25";"73,09";"76,19";"48,26";"68,28";"63,48";"64,87";"63,80";"44,53";"38,09";"34,77";"41,06";"42,34";"34,44";"51,18";"63,04";"65,16";"61,88";"58,03";"64,06";"62,30";"60,54";"57,04";"54,86";"55,74";"38,38";"41,29";"42,71";"44,61";"48,68";"48,91";"50,42";"50,11";"48,45";"47,43";"47,65"
"Paraná";"2,44";"1,42";"42,29";"4,33";"1,31";"3,08";"1,50";"0,71";"4,53";"0,76";"0,88";"0,70";"1,12";"0,64";"1,72";"3,49";"2,47";"1,66";"8,27";"2,78";"6,22";"8,20";"5,02";"3,61";"5,66";"2,87";"6,16";"16,80";"16,97";"14,70";"9,88";"8,99";"7,74";"7,90";"9,56";"12,33";"12,57";"14,13";"16,71";"19,52";"20,70";"19,15";"19,11";"28,45";"27,34";"28,15";"24,11";"26,29";"20,92"
"Santa Catarina";"35,33";"29,52";"20,85";"29,17";"13,24";"10,96";"13,15";"10,61";"11,72";"8,09";"3,02";"4,38";"7,64";"4,77";"6,71";"5,57";"8,01";"6,20";"1,67";"9,09";"4,09";"9,76";"5,08";"6,47";"8,10";"8,51";"8,65";"6,01";"4,25";"5,32";"3,42";"3,74";"2,47";"3,18";"4,03";"3,91";"3,02";"2,47";"2,02";"1,88";"1,47";"1,88";"1,42";"1,26";"1,53";"1,30";"1,20";"1,12";"1,02"
"Rio Grande do Sul";"19,56";"22,99";"27,00";"28,72";"30,23";"27,33";"29,97";"22,49";"22,20";"16,88";"20,75";"28,56";"19,60";"16,33";"19,98";"30,30";"26,06";"21,94";"26,54";"24,26";"15,83";"12,50";"13,82";"16,06";"15,52";"12,39";"11,26";"12,31";"12,00";"12,46";"10,90";"10,85";"11,05";"11,86";"10,74";"10,65";"13,33";"12,54";"11,18";"10,64";"8,18";"8,11";"9,31";"7,51";"9,01";"7,61";"8,09";"7,77";"9,88"
"Mato Grosso do Sul";"...";"...";"...";"...";"...";"2,17";"2,73";"3,86";"2,70";"2,58";"1,78";"1,82";"17,99";"11,43";"12,49";"23,67";"9,42";"18,05";"32,18";"25,49";"8,42";"21,87";"9,21";"12,16";"5,06";"6,61";"9,92";"10,84";"8,13";"5,48";"4,96";"4,49";"8,55";"7,44";"7,78";"9,99";"14,34";"16,00";"12,53";"17,92";"16,74";"16,30";"16,52";"14,50";"27,42";"26,16";"21,46";"14,25";"16,10"
"Mato Grosso";"18,23";"17,84";"11,46";"9,48";"4,03";"4,61";"2,10";"3,96";"4,29";"2,94";"4,97";"2,92";"1,59";"2,34";"3,49";"22,68";"2,39";"2,25";"2,48";"3,09";"2,78";"4,40";"3,29";"2,81";"3,66";"3,05";"3,96";"4,07";"2,58";"3,52";"2,95";"2,34";"1,98";"2,48";"1,76";"2,08";"1,81";"1,27";"1,57";"1,37";"1,77";"2,07";"2,40";"2,51";"2,04";"2,11";"2,63";"1,91";"2,12"
"Goiás";"21,67";"21,38";"17,01";"10,87";"9,25";"7,97";"9,42";"9,63";"7,57";"8,91";"14,46";"10,71";"6,56";"9,31";"19,21";"20,58";"23,73";"46,88";"67,71";"76,28";"35,73";"42,60";"26,97";"34,06";"22,28";"18,37";"20,75";"21,36";"19,94";"21,71";"19,55";"19,07";"17,28";"16,64";"19,12";"15,37";"15,11";"13,28";"10,79";"13,29";"15,80";"16,05";"18,96";"18,62";"20,36";"18,40";"15,74";"18,11";"18,28"
"Distrito Federal";"7,17";"12,83";"13,20";"8,89";"13,86";"11,44";"10,72";"11,47";"7,58";"6,82";"11,19";"4,69";"5,05";"2,16";"4,97";"5,14";"5,56";"3,42";"12,92";"5,38";"7,17";"9,71";"10,87";"9,87";"10,62";"7,80";"17,77";"19,86";"15,68";"18,03";"17,49";"10,82";"15,02";"5,34";"4,68";"5,72";"5,36";"5,98";"5,40";"4,47";"4,96";"2,58";"4,20";"1,27";"1,34";"1,71";"1,74";"1,45";"1,41"
"Fonte: IBGE - Produção Agrícola Municipal"

"Notas"
"1 - Os municípios sem informação para pelo menos um produto da lavoura permanente não aparecem nas listas."
"2 - A partir do ano de 2001 as quantidades produzidas dos produtos abacate, banana, caqui, figo, goiaba, laranja, limão, maçã, mamão, manga, maracujá, marmelo, pera, pêssego e tangerina passam a ser expressas em toneladas. Nos anos anteriores eram expressas em mil frutos, com exceção da banana, que era expressa em mil cachos. O rendimento médio passa a ser expresso em Kg/ha. Nos anos anteriores era expresso em frutos/ha, com exceção da banana, que era expressa em cachos/ha."
"3 - Veja em o documento AlteracoesUnidadesMedidaFrutas.pdf com as alterações de unidades de medida das frutíferas ocorridas em 2001 e a tabela de conversão fruto x quilograma."
"4 - Até 2001, café (em coco), a partir de 2002, café (beneficiado ou em grão)."
"5 - A quantidade produzida de coco-da-baía é expressa em mil frutos e o rendimento médio em frutos/ha."
"6 - Valores para a categoria Total indisponíveis para a variável Quantidade produzida e Rendimento médio, pois as unidades de medida diferem para determinados produtos."
"7 - Subentende a possibilidade de cultivos sucessivos ou simultâneos (simples, associados e/ou intercalados) no mesmo ano e no mesmo local, podendo, por isto, a área informada da cultura exceder a área geográfica do município."
"8 - A diferença entre a área destinada à colheita e a área colhida na lavoura permanente é considerada como área perdida."
"9 - A variável Área destinada à colheita só passou a ser informada a partir de 1988."
"10 - Valor da produção: Variável derivada calculada pela média ponderada das informações de quantidade e preço médio corrente pago ao produtor, de acordo com os períodos de colheita e comercialização de cada produto. As despesas de frete, taxas e impostos não são incluídas no preço."
"11 - Os dados do último ano divulgado são RESULTADOS PRELIMINARES e podem sofrer alterações até a próxima divulgação."
""
"Legenda"
"Símbolo";"Significado"
"-";"Zero absoluto, não resultante de um cálculo ou arredondamento.
Ex: Em determinado município não existem pessoas de 14 anos de idade sem instrução."
"0";"Zero resultante de um cálculo ou arredondamento.
Ex: A inflação do feijão em determinada Região Metropolitana foi 0.
Determinado município produziu 400 kg de sementes de girassol e os dados da tabela são expressos em toneladas."
"X";"Valor inibido para não identificar o informante.
Ex: Determinado município só possui uma empresa produtora de cimento, logo o valor de sua produção deve ser inibido."
"..";"Valor não se aplica.
Ex: Não se pode obter o total da produção agrícola em determinado município quando os produtos agrícolas são contabilizados com unidades de medida distintas."
"...";"Valor não disponível.
Ex: A produção de feijão em determinado município não foi pesquisada ou determinado município não existia no ano da pesquisa."
"A a Z
(exceto X)";"Significa uma faixa de valores. Varia em função da tabela (se for o caso).
Ex: O nível de precisão da produção estimada de combustíveis está na faixa A (95 a 100%)"
